	indicator
6837	0.0
7948	0.0
1972	1.0
293	0.0
322	0.0
1776	1.0
998	0.0
470	0.0
699	1.0
2557	0.0
1007	0.0
2026	1.0
6682	1.0
3664	0.0
7966	1.0
1574	1.0
2808	0.0
5438	0.0
3478	1.0
8657	0.0
59	1.0
1735	0.0
4991	1.0
3745	1.0
886	0.0
7573	1.0
6278	1.0
801	1.0
4714	0.0
7277	1.0
5194	1.0
6909	1.0
4366	1.0
2897	0.0
3816	1.0
1364	0.0
4701	1.0
3900	1.0
9134	1.0
2716	0.0
4325	1.0
4026	1.0
7210	1.0
4690	1.0
8678	0.0
9230	1.0
4292	1.0
1599	1.0
623	1.0
735	1.0
6939	1.0
372	1.0
7040	1.0
4955	1.0
2332	0.0
5381	1.0
1841	1.0
6648	1.0
5725	0.0
6716	1.0
5169	1.0
2134	1.0
3293	0.0
9458	1.0
3365	0.0
6099	1.0
894	1.0
428	1.0
8851	0.0
5959	1.0
4167	0.0
6868	1.0
1123	1.0
9579	1.0
7359	1.0
1189	1.0
1850	1.0
8718	1.0
2828	1.0
1886	0.0
5892	0.0
9896	1.0
6493	1.0
5955	0.0
2866	1.0
6363	0.0
4411	0.0
3993	0.0
7853	1.0
5710	1.0
1549	1.0
5312	0.0
9658	1.0
1380	1.0
4768	0.0
3640	0.0
6015	0.0
2569	1.0
5475	1.0
3780	0.0
9609	0.0
3679	1.0
9371	0.0
7532	1.0
9412	1.0
7871	0.0
1293	1.0
1605	0.0
5358	1.0
2820	1.0
8967	1.0
5228	0.0
8101	1.0
1268	1.0
7674	1.0
5522	1.0
6258	1.0
1840	1.0
3432	1.0
2262	0.0
8199	1.0
8004	0.0
8700	1.0
1621	0.0
7298	1.0
4914	1.0
9053	1.0
3817	0.0
6405	0.0
5693	0.0
4284	1.0
1039	1.0
1782	1.0
7324	1.0
2937	1.0
750	1.0
9614	1.0
6018	1.0
124	1.0
2977	1.0
9029	1.0
4744	1.0
2135	1.0
6086	1.0
1343	0.0
1385	0.0
2467	0.0
1547	1.0
4529	1.0
6898	1.0
7254	1.0
2003	0.0
9358	0.0
736	1.0
9321	1.0
5096	1.0
3329	1.0
4322	0.0
8571	0.0
2498	1.0
5192	1.0
5144	1.0
5455	1.0
7353	1.0
2806	1.0
992	0.0
314	1.0
3523	0.0
1459	1.0
7412	0.0
6096	1.0
3383	0.0
1333	0.0
4661	1.0
6199	1.0
2085	1.0
3799	1.0
5387	1.0
7154	1.0
3487	0.0
4312	1.0
3299	0.0
2593	0.0
5931	1.0
4640	1.0
7236	1.0
431	1.0
4540	1.0
3959	0.0
2382	1.0
7395	0.0
5929	1.0
259	1.0
1470	1.0
1666	1.0
1457	1.0
5530	0.0
7436	1.0
6458	1.0
9011	0.0
2725	1.0
3268	1.0
6793	0.0
3140	1.0
35	1.0
3068	0.0
3541	1.0
1288	0.0
4567	1.0
2110	1.0
3869	1.0
2917	1.0
5867	0.0
1500	1.0
4614	0.0
5196	1.0
2037	0.0
4333	0.0
2067	0.0
2407	0.0
5834	1.0
3403	0.0
6801	1.0
9911	0.0
6050	0.0
9141	1.0
6705	1.0
287	0.0
1246	0.0
4931	1.0
7148	1.0
9953	1.0
9242	0.0
1369	1.0
9583	0.0
6699	0.0
9348	0.0
8437	1.0
7217	1.0
7965	0.0
7344	1.0
4988	1.0
1582	0.0
1368	0.0
5327	1.0
3526	1.0
1147	1.0
4414	0.0
5221	1.0
8109	1.0
4930	1.0
2143	0.0
7544	0.0
8223	1.0
3047	1.0
8108	0.0
6027	0.0
9009	1.0
1800	0.0
7179	1.0
3996	0.0
245	1.0
4788	1.0
3716	1.0
567	0.0
6146	1.0
5976	1.0
959	1.0
7006	0.0
6516	1.0
7402	0.0
1625	1.0
9511	1.0
3003	1.0
209	1.0
5543	0.0
6311	1.0
7772	0.0
6618	1.0
4790	1.0
2423	1.0
4804	1.0
8929	0.0
2124	0.0
765	1.0
3057	1.0
1394	1.0
8008	1.0
4437	1.0
4428	1.0
2884	0.0
7958	1.0
6781	1.0
2411	1.0
3565	1.0
146	1.0
8623	1.0
6002	0.0
8053	0.0
2671	0.0
6091	1.0
3614	1.0
7073	1.0
355	1.0
4321	1.0
4664	1.0
7092	0.0
8088	1.0
6768	1.0
6063	1.0
4438	1.0
5735	1.0
1766	1.0
6412	1.0
8762	0.0
9090	1.0
9040	1.0
2802	1.0
7462	1.0
7641	1.0
5268	0.0
2705	0.0
1129	0.0
3346	1.0
7648	0.0
1416	1.0
2195	1.0
2398	1.0
3504	1.0
2794	0.0
8989	1.0
6336	1.0
8720	0.0
4066	0.0
8292	1.0
3598	1.0
2104	0.0
6943	1.0
5890	0.0
3951	0.0
4934	1.0
9226	1.0
8832	1.0
6981	1.0
4945	1.0
3129	0.0
5433	1.0
7950	0.0
6758	1.0
9815	0.0
6460	0.0
4775	1.0
8557	1.0
8649	1.0
6790	1.0
5244	1.0
5992	1.0
3388	1.0
5350	1.0
7188	1.0
4654	1.0
7738	0.0
6316	1.0
1976	0.0
1704	1.0
2246	1.0
5830	0.0
97	1.0
564	1.0
1662	0.0
4016	1.0
9753	1.0
8789	0.0
7516	0.0
5139	1.0
5006	0.0
9910	1.0
5675	1.0
3050	0.0
2616	1.0
171	1.0
5980	1.0
2987	1.0
7971	1.0
195	0.0
9215	1.0
2412	1.0
4102	1.0
8489	1.0
9694	0.0
723	0.0
34	1.0
5752	0.0
7798	1.0
2792	0.0
4801	0.0
8017	1.0
7242	1.0
5105	0.0
3172	1.0
2300	0.0
9477	1.0
2817	1.0
8640	0.0
685	1.0
2481	1.0
2842	0.0
1032	1.0
8510	1.0
4178	0.0
2437	1.0
5750	1.0
3857	0.0
664	0.0
5145	1.0
4708	0.0
8825	1.0
11	1.0
2392	0.0
7280	1.0
6522	1.0
1737	1.0
5248	1.0
9165	1.0
8797	0.0
6333	1.0
8732	1.0
7921	1.0
5492	1.0
4891	1.0
6732	1.0
1272	0.0
7823	0.0
9836	1.0
7325	1.0
5330	0.0
4679	0.0
5349	1.0
1893	0.0
3573	1.0
5119	1.0
1954	1.0
1758	0.0
4505	1.0
3012	0.0
3652	0.0
4678	1.0
924	1.0
3170	1.0
8801	1.0
3381	1.0
6113	1.0
7782	0.0
8427	1.0
9740	1.0
5898	0.0
1503	1.0
1266	0.0
9274	1.0
390	1.0
4310	0.0
7118	1.0
6048	1.0
6787	1.0
4851	0.0
2957	1.0
693	1.0
8923	1.0
6475	0.0
263	0.0
8866	0.0
7660	1.0
4588	1.0
6005	0.0
491	0.0
7987	0.0
1798	1.0
6552	0.0
2965	1.0
3616	0.0
4468	0.0
8958	1.0
2012	1.0
9687	1.0
4849	0.0
1548	0.0
7788	1.0
8708	1.0
7775	1.0
8781	0.0
8333	1.0
3133	1.0
7016	0.0
3554	0.0
1442	0.0
8237	0.0
5844	0.0
1965	1.0
9095	1.0
5945	0.0
8414	1.0
9961	1.0
5090	1.0
9813	0.0
4665	1.0
2210	0.0
1937	1.0
5966	1.0
5109	1.0
9330	1.0
2479	0.0
7081	0.0
9475	1.0
8460	0.0
4255	1.0
656	0.0
1169	0.0
8630	1.0
3004	1.0
128	1.0
6780	1.0
3161	1.0
2888	1.0
6328	1.0
9111	1.0
814	1.0
3549	0.0
6560	1.0
5990	1.0
7374	1.0
4336	0.0
5307	0.0
1858	1.0
2818	0.0
3249	0.0
4034	1.0
3223	1.0
4337	1.0
4608	1.0
6921	1.0
8251	0.0
3467	1.0
2084	0.0
9638	1.0
8400	0.0
2341	0.0
9168	0.0
2183	1.0
7574	1.0
7387	1.0
6845	1.0
859	0.0
3	0.0
2019	0.0
3097	0.0
7099	1.0
8031	0.0
5618	1.0
4537	1.0
2664	1.0
5909	1.0
9217	1.0
5253	1.0
360	1.0
186	0.0
8636	0.0
8100	1.0
9777	1.0
5573	0.0
5365	1.0
7070	1.0
9107	1.0
2955	1.0
5095	1.0
9998	1.0
5815	1.0
454	0.0
8374	0.0
956	1.0
7287	0.0
2575	0.0
6293	0.0
7694	0.0
1765	1.0
2496	1.0
5051	1.0
6079	1.0
8679	1.0
370	1.0
823	1.0
875	1.0
2889	1.0
8973	0.0
7805	0.0
5800	1.0
3348	0.0
4390	1.0
1778	0.0
3385	0.0
1729	1.0
654	1.0
142	0.0
6402	0.0
1284	0.0
2065	1.0
9145	0.0
5662	0.0
3631	1.0
1643	0.0
5782	1.0
9355	1.0
8181	0.0
8824	1.0
2136	1.0
4112	1.0
9539	0.0
9042	0.0
8047	0.0
4179	1.0
2772	0.0
7247	1.0
8986	1.0
5960	1.0
2343	1.0
938	1.0
6686	1.0
222	1.0
5514	1.0
4512	1.0
7151	0.0
569	0.0
8936	1.0
4687	1.0
889	1.0
9294	1.0
2771	1.0
7709	1.0
5716	0.0
2266	0.0
3107	1.0
6193	0.0
4439	0.0
7515	1.0
1613	1.0
7701	1.0
4094	0.0
2413	1.0
843	1.0
3832	1.0
3623	0.0
8082	1.0
7555	1.0
1214	1.0
3860	0.0
1059	1.0
205	1.0
4871	1.0
2015	1.0
5160	1.0
846	0.0
5214	1.0
1522	1.0
3904	1.0
9495	1.0
935	0.0
6466	1.0
9550	1.0
6415	1.0
69	0.0
9383	0.0
3711	1.0
7913	1.0
1182	0.0
5091	1.0
7821	1.0
1354	0.0
7543	0.0
821	0.0
1382	1.0
7577	1.0
2267	1.0
4204	0.0
7482	1.0
9900	0.0
230	1.0
1044	1.0
6987	1.0
3106	1.0
3575	1.0
5279	1.0
504	1.0
8648	1.0
6855	0.0
2163	1.0
6565	1.0
3924	0.0
4383	1.0
8667	1.0
3768	1.0
3833	0.0
7710	0.0
6145	0.0
7059	1.0
1198	1.0
2165	1.0
7129	0.0
9393	0.0
1168	1.0
6819	1.0
9497	0.0
9437	0.0
4364	1.0
3200	0.0
3954	1.0
2556	1.0
188	1.0
6929	1.0
768	1.0
541	0.0
6346	0.0
7393	1.0
8622	1.0
3086	0.0
1019	0.0
2071	1.0
6911	0.0
4469	1.0
8830	0.0
9712	0.0
514	0.0
2520	0.0
268	1.0
5403	1.0
1654	1.0
3174	1.0
6756	0.0
4631	1.0
1801	0.0
4463	1.0
5741	1.0
8519	1.0
2101	1.0
9025	0.0
1713	1.0
691	0.0
4589	1.0
7885	1.0
1469	0.0
908	0.0
4277	0.0
8844	1.0
404	0.0
4281	1.0
6884	1.0
2342	0.0
3328	1.0
6864	1.0
6303	0.0
1077	1.0
532	1.0
5673	1.0
7442	1.0
5590	1.0
665	0.0
8984	0.0
7711	1.0
3187	1.0
1995	0.0
8617	0.0
9027	1.0
8084	1.0
5868	0.0
5946	0.0
1970	1.0
8167	0.0
3434	0.0
1577	0.0
9676	1.0
7314	1.0
7705	1.0
3507	0.0
2611	1.0
7914	0.0
3722	1.0
822	0.0
2990	0.0
1263	1.0
4486	1.0
8315	1.0
5864	0.0
3316	1.0
9963	0.0
3117	1.0
7884	0.0
58	1.0
6680	0.0
5360	0.0
6518	0.0
1668	1.0
8997	1.0
2475	1.0
3617	1.0
8476	1.0
2934	1.0
3460	0.0
6494	1.0
9625	1.0
686	1.0
5696	0.0
5295	1.0
7094	1.0
9389	1.0
1567	1.0
5932	1.0
9932	1.0
1962	1.0
5205	0.0
9858	1.0
3020	1.0
9020	0.0
1529	0.0
1742	0.0
8543	0.0
6010	0.0
1088	1.0
3813	1.0
6256	1.0
1550	0.0
3927	0.0
6784	1.0
5356	0.0
6032	1.0
3461	1.0
4647	0.0
6431	0.0
7726	1.0
4225	0.0
1112	0.0
6856	1.0
9735	0.0
905	0.0
9449	1.0
5336	1.0
469	1.0
5260	1.0
2058	0.0
7049	1.0
326	1.0
7844	1.0
9541	0.0
8440	0.0
2870	0.0
7267	1.0
2760	1.0
5472	1.0
1111	1.0
8663	1.0
2942	1.0
3585	1.0
4246	1.0
6367	0.0
2314	0.0
3815	0.0
7566	1.0
3880	1.0
1903	1.0
9758	0.0
218	1.0
6679	0.0
4319	1.0
5309	1.0
6997	1.0
4828	0.0
2668	1.0
595	1.0
3715	1.0
965	0.0
4421	1.0
1725	1.0
5417	0.0
4667	1.0
4	1.0
374	0.0
5967	0.0
9869	0.0
5347	0.0
5030	1.0
4029	0.0
3176	1.0
5317	0.0
2624	0.0
6125	1.0
276	1.0
7587	1.0
4693	0.0
7383	1.0
6210	1.0
129	1.0
3231	1.0
6331	0.0
8971	1.0
7856	0.0
842	0.0
5676	0.0
6731	0.0
7170	1.0
3979	1.0
5776	0.0
8770	1.0
498	1.0
2932	1.0
518	1.0
6273	0.0
2841	1.0
5282	1.0
5852	0.0
816	0.0
7785	0.0
1793	1.0
9059	0.0
4212	0.0
5733	0.0
3578	1.0
9921	1.0
5340	0.0
7251	0.0
4565	1.0
9124	1.0
9870	1.0
2463	1.0
2821	1.0
9361	1.0
4617	1.0
9556	1.0
830	1.0
3516	1.0
1267	0.0
5914	1.0
2958	1.0
2057	0.0
5069	1.0
722	1.0
5487	0.0
4083	0.0
1283	1.0
2799	1.0
5823	1.0
9091	1.0
4211	1.0
241	1.0
7125	1.0
1315	1.0
9481	1.0
5188	1.0
9861	1.0
3394	1.0
9690	1.0
6590	1.0
7405	0.0
9030	0.0
4807	1.0
8786	1.0
9520	1.0
357	0.0
1720	1.0
411	1.0
8253	0.0
6191	0.0
6149	1.0
8774	1.0
5002	0.0
8497	1.0
1635	0.0
4323	0.0
2675	1.0
5628	1.0
1821	1.0
2976	1.0
4091	0.0
6225	1.0
6300	1.0
7883	1.0
2040	0.0
5120	1.0
2488	0.0
1393	1.0
1073	1.0
3286	1.0
7265	1.0
5614	0.0
5651	1.0
424	1.0
8756	0.0
8091	0.0
5	1.0
6990	0.0
1877	0.0
9971	1.0
7667	1.0
8039	1.0
9574	1.0
5606	0.0
2693	1.0
8857	0.0
8187	1.0
3692	1.0
305	1.0
9685	1.0
1543	1.0
5951	0.0
5460	1.0
1923	1.0
1026	1.0
4942	0.0
8396	1.0
9936	1.0
6272	0.0
536	1.0
8722	1.0
5983	0.0
5428	0.0
6297	1.0
778	1.0
1452	1.0
5011	1.0
1719	1.0
9686	1.0
9905	1.0
6205	1.0
7766	0.0
9903	1.0
3854	1.0
8525	0.0
759	1.0
5719	1.0
8051	0.0
560	1.0
312	0.0
7422	1.0
7939	1.0
7537	1.0
8544	1.0
9021	1.0
627	1.0
7183	1.0
3059	1.0
7291	1.0
5321	1.0
1715	1.0
1105	0.0
1426	1.0
1027	1.0
5881	0.0
8925	0.0
3920	1.0
1015	1.0
418	1.0
3748	1.0
7080	1.0
3936	1.0
2839	0.0
9973	0.0
8608	1.0
9506	0.0
2719	1.0
4596	1.0
1003	1.0
1412	1.0
9265	1.0
7758	0.0
5626	1.0
8753	0.0
1118	1.0
4177	1.0
9616	1.0
4697	0.0
8794	1.0
4668	0.0
5148	1.0
6811	0.0
1847	1.0
1609	1.0
2618	1.0
4793	0.0
2620	1.0
9657	0.0
2239	1.0
4979	1.0
653	1.0
2302	0.0
84	1.0
3243	1.0
4300	0.0
3742	1.0
5397	1.0
9718	1.0
7969	1.0
9085	1.0
220	1.0
2264	0.0
5466	0.0
907	0.0
1423	1.0
1612	0.0
4372	1.0
777	1.0
5285	0.0
8676	1.0
4287	1.0
6537	0.0
7842	1.0
1053	1.0
2613	1.0
403	1.0
5558	0.0
8316	1.0
1383	0.0
6645	0.0
3777	1.0
1043	1.0
6848	1.0
8126	1.0
2512	0.0
5501	0.0
6634	1.0
6709	1.0
5746	1.0
9298	1.0
3148	0.0
7610	1.0
6670	0.0
9397	1.0
7866	0.0
9290	0.0
8582	0.0
5152	1.0
5110	1.0
1952	1.0
7662	1.0
1678	1.0
6052	1.0
717	1.0
1943	1.0
1826	1.0
7134	0.0
5821	1.0
6533	1.0
5431	1.0
456	1.0
9656	1.0
1438	1.0
7771	1.0
2078	1.0
250	1.0
6206	1.0
7730	1.0
7048	1.0
9848	1.0
9395	1.0
8459	1.0
8805	1.0
6873	1.0
3719	1.0
7794	1.0
8394	0.0
4415	0.0
7546	1.0
463	1.0
5910	1.0
1677	1.0
9256	1.0
4397	1.0
513	1.0
7861	0.0
1673	0.0
4737	0.0
5638	0.0
71	1.0
2199	0.0
3612	1.0
3775	0.0
7313	1.0
204	1.0
6766	1.0
4950	1.0
6663	0.0
7814	1.0
6973	1.0
8095	1.0
8595	0.0
6606	1.0
120	1.0
3083	1.0
8249	0.0
2561	1.0
3084	1.0
8586	0.0
6285	1.0
2490	1.0
4443	1.0
3903	1.0
649	1.0
5066	1.0
4456	0.0
2927	1.0
637	0.0
4160	0.0
4731	1.0
4660	0.0
9220	1.0
1336	1.0
6321	1.0
8006	1.0
7869	0.0
2750	1.0
4911	0.0
2930	1.0
5496	1.0
6508	0.0
4845	0.0
5239	1.0
6893	1.0
375	1.0
8596	1.0
4339	1.0
465	1.0
3341	1.0
9387	1.0
5439	1.0
4634	1.0
6945	1.0
7062	0.0
4024	0.0
3788	1.0
9128	1.0
5871	1.0
2317	1.0
8952	1.0
3338	1.0
4521	1.0
3411	0.0
7413	0.0
9050	1.0
1982	1.0
1050	0.0
6718	1.0
5154	1.0
5168	0.0
6075	1.0
5564	0.0
7605	1.0
9047	1.0
817	1.0
6979	0.0
6112	1.0
6090	0.0
4207	1.0
9744	1.0
6203	1.0
4228	1.0
7407	1.0
1864	1.0
6891	0.0
4762	1.0
1047	1.0
1947	1.0
7397	0.0
6591	0.0
6963	1.0
4036	1.0
9469	1.0
5173	0.0
3824	1.0
7316	1.0
214	0.0
4019	0.0
5378	0.0
2891	1.0
1939	1.0
904	1.0
4331	1.0
5254	0.0
8842	1.0
1395	1.0
6727	1.0
2346	1.0
4823	0.0
6910	1.0
3489	1.0
7007	1.0
6484	1.0
701	0.0
5923	1.0
2980	1.0
89	1.0
5199	1.0
6938	0.0
9178	1.0
6080	1.0
770	1.0
4595	0.0
8236	1.0
4045	1.0
9558	0.0
1282	1.0
7957	1.0
8875	1.0
6317	1.0
6930	1.0
6798	0.0
1402	1.0
4065	1.0
3864	1.0
5042	1.0
2142	1.0
3498	0.0
8695	1.0
7545	1.0
9244	1.0
1774	0.0
2951	1.0
246	0.0
2426	1.0
5305	0.0
8538	0.0
5615	1.0
330	1.0
8581	1.0
9965	0.0
6694	1.0
5806	1.0
1884	1.0
2449	0.0
9338	1.0
7035	1.0
4035	1.0
546	1.0
7385	0.0
9218	1.0
2921	1.0
9405	0.0
400	1.0
4398	0.0
3705	0.0
5788	1.0
2066	0.0
4892	1.0
8817	1.0
4517	1.0
1056	0.0
3619	1.0
8981	0.0
2226	0.0
3588	1.0
1856	0.0
1046	1.0
9976	1.0
6286	0.0
3647	1.0
8788	1.0
5870	0.0
3941	1.0
3933	1.0
3558	1.0
270	1.0
870	0.0
6017	1.0
4493	1.0
3702	1.0
7802	0.0
6341	1.0
4215	1.0
1275	0.0
2885	1.0
1180	1.0
1695	1.0
3446	0.0
5842	0.0
6942	1.0
8040	1.0
6132	1.0
5995	0.0
3779	1.0
5074	1.0
4530	0.0
5316	1.0
9885	0.0
5300	1.0
1496	1.0
1752	1.0
6127	1.0
7163	1.0
9318	1.0
8326	0.0
3774	1.0
2504	1.0
5337	1.0
8234	1.0
9204	0.0
5322	1.0
6933	1.0
6287	1.0
7522	1.0
8693	1.0
5094	0.0
9154	0.0
2635	0.0
8602	1.0
4017	0.0
2215	1.0
7929	1.0
7978	1.0
3345	1.0
7336	1.0
4482	1.0
9908	0.0
1600	0.0
4973	0.0
9399	0.0
5511	1.0
7356	0.0
4700	1.0
8472	1.0
9041	1.0
9633	1.0
7686	1.0
8147	1.0
8867	0.0
6209	1.0
8651	1.0
1023	0.0
5715	0.0
1086	1.0
5457	1.0
9728	1.0
3091	0.0
7649	0.0
812	1.0
6491	0.0
962	0.0
6597	0.0
4126	1.0
1839	0.0
7323	0.0
1789	0.0
719	1.0
3990	1.0
7355	1.0
352	0.0
9118	1.0
4833	1.0
1115	0.0
3756	0.0
9493	0.0
3131	1.0
6989	1.0
6093	0.0
9247	0.0
6068	1.0
331	1.0
9176	1.0
4015	1.0
2339	0.0
2290	1.0
6922	0.0
4173	1.0
3891	0.0
1940	0.0
8932	1.0
5917	1.0
738	0.0
1210	1.0
3994	1.0
799	1.0
2502	1.0
9966	0.0
8953	1.0
1424	0.0
442	1.0
8613	0.0
2718	1.0
2550	1.0
462	1.0
4289	1.0
2983	0.0
3373	1.0
6137	1.0
2645	0.0
4202	0.0
2779	1.0
3525	0.0
425	1.0
2832	1.0
7112	0.0
3332	1.0
9080	1.0
9698	0.0
3480	1.0
1070	1.0
7275	0.0
2941	0.0
5775	1.0
5666	1.0
7508	1.0
6514	1.0
7564	0.0
4587	0.0
3928	1.0
9455	1.0
3018	1.0
4096	0.0
1891	0.0
2007	1.0
5174	1.0
2312	1.0
3773	1.0
720	1.0
2501	1.0
138	1.0
3444	1.0
2547	0.0
278	1.0
7897	0.0
1437	1.0
9292	0.0
6542	1.0
2956	0.0
1897	1.0
1049	1.0
2692	0.0
990	0.0
8494	1.0
3494	0.0
5879	1.0
9257	1.0
2211	1.0
1389	1.0
9400	1.0
8409	1.0
6350	1.0
6173	0.0
1630	1.0
2363	1.0
1991	1.0
2263	1.0
3770	1.0
1250	0.0
2945	0.0
7855	0.0
3058	0.0
1499	1.0
4646	1.0
3036	1.0
4904	1.0
5954	0.0
9151	0.0
8948	1.0
6628	0.0
252	0.0
5211	1.0
1432	1.0
444	1.0
8869	1.0
8996	1.0
7460	1.0
6294	0.0
6175	0.0
676	0.0
489	1.0
2232	1.0
6547	0.0
6158	1.0
2768	0.0
507	0.0
7126	1.0
6411	0.0
5527	1.0
6627	1.0
919	1.0
1310	0.0
8302	0.0
7595	1.0
9996	1.0
932	1.0
576	1.0
8425	0.0
4523	0.0
2969	1.0
7421	1.0
6481	0.0
19	1.0
2127	0.0
1764	1.0
126	1.0
7951	0.0
9805	0.0
863	1.0
5607	1.0
2466	1.0
6564	1.0
7541	1.0
8521	0.0
6834	1.0
2282	1.0
881	1.0
4192	1.0
4335	0.0
1273	1.0
2782	1.0
9425	1.0
3271	1.0
3596	0.0
9981	0.0
5647	1.0
7975	0.0
5216	1.0
283	1.0
9509	1.0
2658	1.0
4326	1.0
4267	1.0
2714	1.0
8994	1.0
337	1.0
5636	1.0
3474	1.0
4338	0.0
3138	0.0
3755	1.0
3236	1.0
3808	1.0
4023	1.0
9774	1.0
5288	1.0
8142	1.0
584	0.0
8711	1.0
1926	0.0
9510	1.0
9548	1.0
8658	0.0
5054	1.0
2260	0.0
6397	1.0
9806	1.0
3195	0.0
4301	1.0
2672	1.0
8408	1.0
8227	1.0
7677	1.0
3513	1.0
8881	1.0
626	0.0
9999	1.0
5135	0.0
573	1.0
445	1.0
1647	0.0
2851	1.0
9736	0.0
7053	0.0
6901	0.0
3908	1.0
7373	0.0
6726	1.0
6813	1.0
7588	1.0
8566	1.0
8380	0.0
5949	1.0
9699	1.0
680	1.0
8050	0.0
9802	1.0
103	1.0
7879	0.0
9837	0.0
5463	1.0
5827	0.0
3308	1.0
2909	1.0
1011	0.0
5742	1.0
7607	1.0
2417	1.0
7079	0.0
9203	1.0
4633	0.0
9841	1.0
5824	0.0
1277	0.0
5624	1.0
5200	1.0
6452	0.0
3967	1.0
810	1.0
6453	1.0
3119	1.0
6776	1.0
5694	0.0
2495	1.0
5669	0.0
4499	1.0
2610	0.0
5831	0.0
2972	0.0
1010	1.0
5402	1.0
4111	1.0
6117	1.0
6370	1.0
3258	1.0
5062	0.0
7076	1.0
213	1.0
1413	1.0
1036	0.0
478	1.0
5728	1.0
7140	0.0
4290	0.0
2286	1.0
9319	1.0
9447	1.0
5250	1.0
8713	1.0
8738	1.0
6559	1.0
3437	0.0
3072	1.0
1682	0.0
3848	1.0
2173	0.0
1390	1.0
755	1.0
2576	1.0
798	0.0
9703	1.0
9452	1.0
9435	1.0
2256	1.0
2950	1.0
1927	0.0
5323	1.0
2992	1.0
9598	1.0
5113	0.0
4947	1.0
2360	0.0
2440	1.0
7177	1.0
1703	0.0
3205	1.0
7561	1.0
6039	1.0
794	1.0
7423	1.0
8130	1.0
530	0.0
9730	1.0
9667	1.0
3827	0.0
7043	1.0
7765	1.0
1491	1.0
9066	0.0
9596	0.0
3221	1.0
3146	1.0
2854	1.0
5177	1.0
1141	0.0
3039	1.0
1852	0.0
8946	1.0
5561	0.0
8822	0.0
3510	0.0
9585	1.0
8313	1.0
4481	0.0
5331	0.0
1398	0.0
1093	1.0
9068	1.0
4375	1.0
197	1.0
6014	0.0
4725	0.0
8556	0.0
9279	1.0
8916	1.0
1408	1.0
6769	0.0
5689	1.0
7013	1.0
5294	1.0
113	1.0
5303	0.0
3850	0.0
1087	1.0
3610	0.0
811	1.0
6343	0.0
9436	1.0
12	1.0
4467	1.0
6410	0.0
9235	1.0
4939	1.0
6186	0.0
3019	0.0
1977	1.0
5680	1.0
7992	0.0
6782	0.0
4604	0.0
7746	1.0
6120	1.0
961	1.0
5811	0.0
8355	0.0
7174	1.0
2579	0.0
38	1.0
1611	0.0
4238	0.0
7691	1.0
5432	0.0
7403	0.0
9302	1.0
2534	0.0
1051	1.0
5086	0.0
7727	1.0
8221	1.0
2929	0.0
8208	1.0
5410	1.0
1322	1.0
3230	0.0
4187	1.0
5198	0.0
8341	1.0
3881	1.0
107	1.0
3496	0.0
9483	1.0
1306	0.0
4763	0.0
4760	1.0
4876	1.0
952	1.0
682	0.0
1590	1.0
9588	0.0
9536	1.0
4274	1.0
3462	1.0
8371	1.0
3420	1.0
3294	1.0
6295	0.0
2277	0.0
7197	1.0
9817	1.0
8507	0.0
7248	1.0
7128	1.0
3983	1.0
697	1.0
7414	0.0
9083	1.0
170	0.0
6612	1.0
7155	1.0
2518	0.0
2099	1.0
6941	1.0
6445	1.0
6778	0.0
1658	0.0
5067	1.0
238	1.0
9683	1.0
6536	1.0
9002	1.0
6335	0.0
1608	0.0
8816	0.0
7497	1.0
3591	1.0
6110	1.0
5204	1.0
1701	1.0
7719	1.0
1990	1.0
9655	1.0
5364	1.0
9930	0.0
1908	0.0
3876	0.0
909	1.0
7983	1.0
8567	1.0
5625	1.0
2381	1.0
6822	1.0
5159	0.0
3331	1.0
6540	1.0
9262	1.0
4237	1.0
4151	0.0
4243	1.0
5734	1.0
8766	0.0
2225	0.0
4108	1.0
9526	0.0
996	0.0
3376	1.0
594	1.0
4245	1.0
8527	1.0
6795	1.0
4765	1.0
792	1.0
1004	1.0
1820	0.0
5104	1.0
64	0.0
3519	1.0
9160	1.0
3248	1.0
506	1.0
7892	1.0
6347	1.0
2628	0.0
4169	0.0
3393	1.0
3594	1.0
5571	1.0
8845	0.0
7994	1.0
1362	1.0
4847	1.0
5658	1.0
9508	1.0
2391	0.0
4315	1.0
6859	0.0
8485	0.0
1779	1.0
2207	1.0
2335	0.0
7781	0.0
492	0.0
4855	0.0
7940	1.0
2274	1.0
7972	0.0
8577	0.0
3291	0.0
2208	0.0
1075	1.0
5480	0.0
4275	1.0
8450	0.0
5542	1.0
791	0.0
4229	1.0
1460	1.0
5705	1.0
9960	1.0
7638	0.0
5265	1.0
8669	1.0
5224	1.0
643	1.0
7190	1.0
8038	0.0
4386	0.0
9078	0.0
655	0.0
5178	0.0
1603	1.0
27	1.0
7670	1.0
8771	0.0
8419	0.0
5142	1.0
5653	1.0
4076	1.0
8990	0.0
6719	1.0
7408	0.0
401	1.0
1687	0.0
7650	0.0
3699	1.0
4795	1.0
2634	1.0
1614	0.0
4444	1.0
3885	1.0
9752	1.0
8598	1.0
5794	0.0
6862	0.0
9404	1.0
8883	0.0
4952	0.0
7643	0.0
8342	1.0
8697	1.0
7471	0.0
3527	0.0
2236	1.0
1307	1.0
3040	1.0
1373	1.0
3998	0.0
9416	1.0
2823	1.0
7085	1.0
202	1.0
9626	1.0
7468	1.0
1844	1.0
4908	0.0
7857	0.0
608	1.0
369	1.0
6622	1.0
5587	1.0
5390	1.0
2345	1.0
5281	1.0
2337	1.0
2592	1.0
5233	0.0
793	1.0
3789	1.0
13	1.0
5343	1.0
8767	1.0
3306	1.0
4865	0.0
123	0.0
4288	1.0
4363	0.0
2152	0.0
850	1.0
3265	1.0
2456	1.0
6847	1.0
6946	0.0
7352	1.0
4910	0.0
7115	0.0
7973	0.0
4732	1.0
7130	0.0
3238	1.0
9726	0.0
639	0.0
8005	1.0
1734	1.0
2736	1.0
7245	0.0
1060	1.0
3946	1.0
2717	1.0
3269	0.0
8628	1.0
6581	0.0
7034	0.0
3545	1.0
4839	0.0
923	1.0
7518	0.0
6579	1.0
2892	1.0
1986	1.0
4180	0.0
3015	1.0
3952	0.0
7498	1.0
4683	1.0
366	1.0
3835	1.0
1028	1.0
9504	1.0
2405	0.0
7506	1.0
5962	0.0
7824	0.0
7315	1.0
6004	1.0
4077	1.0
3842	1.0
8653	1.0
9898	1.0
2073	1.0
7143	1.0
198	1.0
917	1.0
7028	0.0
2201	0.0
2528	1.0
2849	1.0
9259	1.0
8168	1.0
2348	0.0
3233	0.0
8504	1.0
264	0.0
4794	1.0
6779	1.0
1094	0.0
6189	0.0
7391	1.0
1890	1.0
7732	0.0
5299	1.0
483	1.0
5158	0.0
9295	1.0
781	1.0
3186	0.0
7429	0.0
6531	1.0
5102	1.0
3883	0.0
6462	0.0
9094	0.0
4630	1.0
5146	0.0
8913	1.0
7685	1.0
671	1.0
2216	0.0
6740	1.0
8369	0.0
4573	1.0
9158	1.0
6372	1.0
2156	1.0
7086	1.0
2386	1.0
3925	1.0
7702	0.0
5078	0.0
945	1.0
2659	1.0
3731	0.0
5857	1.0
6936	1.0
6899	1.0
4543	1.0
9368	1.0
3898	0.0
1286	1.0
7432	0.0
2940	1.0
8169	1.0
8580	1.0
8871	1.0
6468	1.0
7937	1.0
3911	0.0
7557	1.0
3115	1.0
7838	0.0
3859	1.0
7346	1.0
2307	1.0
729	1.0
4123	1.0
9423	0.0
5982	1.0
1163	1.0
3677	1.0
5802	0.0
6541	0.0
8911	1.0
9065	0.0
3041	0.0
1042	1.0
865	0.0
9427	1.0
2180	1.0
5722	1.0
6454	1.0
4657	0.0
5795	1.0
3259	1.0
1484	1.0
1665	1.0
9985	0.0
5024	0.0
5617	1.0
3984	1.0
3557	1.0
324	1.0
7751	1.0
3090	0.0
3241	0.0
903	1.0
3790	1.0
8513	0.0
338	1.0
5047	1.0
1727	1.0
6924	0.0
3689	1.0
1544	1.0
4259	1.0
9192	0.0
6883	0.0
6671	0.0
7808	0.0
6160	1.0
7449	1.0
1481	1.0
2047	1.0
8364	0.0
9811	1.0
1040	0.0
1371	0.0
5407	0.0
8471	0.0
3439	1.0
2116	1.0
1906	0.0
5686	0.0
9941	1.0
7057	1.0
3882	1.0
3016	1.0
5191	1.0
3224	1.0
7025	1.0
9126	1.0
6650	0.0
2876	0.0
9171	0.0
3795	1.0
5406	1.0
6257	0.0
7539	1.0
7075	1.0
8132	1.0
2175	1.0
8021	1.0
9653	1.0
5022	0.0
9136	1.0
7553	0.0
1468	1.0
5904	0.0
8044	1.0
4671	0.0
7778	0.0
3013	0.0
9796	0.0
9871	1.0
8226	1.0
769	1.0
9035	0.0
86	0.0
9668	1.0
4358	1.0
2602	1.0
7260	1.0
1472	1.0
1910	0.0
7920	1.0
7768	1.0
4446	1.0
4644	1.0
534	1.0
8647	1.0
2367	1.0
5691	0.0
1339	1.0
114	1.0
8160	1.0
1409	1.0
7185	1.0
8912	0.0
9634	1.0
7622	1.0
4878	0.0
3105	1.0
9969	1.0
880	0.0
3424	0.0
8874	0.0
2253	1.0
8665	1.0
3242	1.0
9037	0.0
6661	0.0
8644	0.0
9968	1.0
4998	0.0
2097	1.0
4920	0.0
6312	1.0
8823	0.0
8643	1.0
3506	1.0
6794	1.0
7787	0.0
4858	1.0
8671	0.0
361	0.0
7642	1.0
110	0.0
9480	1.0
3660	1.0
5872	1.0
4350	1.0
3577	1.0
8347	0.0
4603	0.0
3642	0.0
8	0.0
1697	0.0
7469	0.0
896	0.0
5153	1.0
3169	1.0
2756	1.0
4250	0.0
6482	1.0
2838	1.0
7943	1.0
8382	1.0
7042	0.0
9135	0.0
7525	1.0
4174	0.0
7164	0.0
8451	1.0
7368	1.0
6490	1.0
9631	1.0
3754	1.0
5598	0.0
2834	1.0
9373	1.0
7113	1.0
1573	0.0
9521	1.0
7934	0.0
9246	1.0
5262	1.0
8583	0.0
9862	0.0
5901	0.0
4471	1.0
8164	1.0
8747	1.0
7342	1.0
2306	1.0
56	1.0
1299	1.0
2400	1.0
348	1.0
5394	0.0
6360	0.0
3944	1.0
9756	1.0
9498	1.0
3643	0.0
1363	1.0
8205	1.0
6838	1.0
494	0.0
1317	0.0
6999	1.0
487	0.0
9974	1.0
1867	0.0
3762	1.0
7550	0.0
3061	1.0
690	1.0
8128	1.0
7803	1.0
194	1.0
5927	0.0
8217	1.0
5758	0.0
9713	1.0
1162	1.0
2548	1.0
7157	1.0
9102	1.0
4841	1.0
9143	1.0
1239	0.0
6777	1.0
244	1.0
6741	0.0
9627	1.0
3629	1.0
7548	0.0
3632	0.0
6585	0.0
7216	0.0
125	0.0
6366	1.0
1487	1.0
1992	1.0
9364	1.0
3337	1.0
480	0.0
4531	1.0
7418	1.0
3894	0.0
427	1.0
3357	1.0
1757	1.0
5068	1.0
8081	0.0
980	1.0
7830	0.0
9308	1.0
934	1.0
9196	1.0
9665	0.0
2336	0.0
7320	0.0
3135	1.0
9716	1.0
6220	1.0
8198	0.0
9990	1.0
6616	1.0
9325	0.0
1171	0.0
2911	0.0
4217	1.0
9410	0.0
7137	0.0
6691	0.0
4778	1.0
5071	1.0
9175	1.0
7554	1.0
3634	1.0
2448	0.0
1458	0.0
4408	1.0
1098	1.0
7200	1.0
9163	1.0
9635	1.0
9138	0.0
7602	0.0
7993	1.0
8865	1.0
8995	1.0
4507	1.0
1591	1.0
224	0.0
5711	1.0
6994	0.0
8193	1.0
9006	1.0
3550	1.0
4194	1.0
647	0.0
3096	0.0
3734	1.0
5165	1.0
9761	0.0
928	0.0
4902	0.0
3805	1.0
9282	1.0
1900	0.0
9420	0.0
4448	1.0
5956	1.0
65	0.0
2133	0.0
6902	1.0
8705	0.0
1551	1.0
9641	1.0
4451	1.0
7299	1.0
5080	0.0
9438	0.0
5461	1.0
8963	0.0
9281	1.0
100	1.0
1957	0.0
5591	1.0
3572	1.0
8536	1.0
3886	1.0
472	1.0
2074	1.0
7504	1.0
3280	1.0
275	1.0
5584	0.0
2963	1.0
3063	0.0
1570	1.0
698	0.0
839	1.0
4992	0.0
6914	0.0
6340	1.0
5345	0.0
36	0.0
5575	0.0
7851	1.0
1329	0.0
1	1.0
2473	1.0
4729	0.0
1807	1.0
6951	1.0
2847	1.0
7433	1.0
2804	1.0
9248	0.0
8611	1.0
8560	1.0
9987	0.0
5366	0.0
4805	1.0
145	0.0
2081	1.0
3363	0.0
5134	1.0
6570	1.0
1843	0.0
1038	0.0
8772	0.0
8354	0.0
9742	1.0
9646	0.0
1467	1.0
1154	1.0
2443	0.0
6538	1.0
1230	1.0
7578	0.0
5668	1.0
3452	1.0
8619	1.0
5603	1.0
7524	0.0
5189	0.0
4152	1.0
3374	1.0
5804	1.0
2741	1.0
9542	1.0
7777	1.0
8041	1.0
2288	0.0
6583	1.0
2621	0.0
5502	1.0
3367	0.0
4636	1.0
10001	1.0
6344	1.0
9426	1.0
3706	1.0
7175	0.0
1584	0.0
8731	0.0
6917	0.0
4146	0.0
2025	1.0
4859	1.0
298	0.0
4777	0.0
1020	1.0
5654	1.0
2434	0.0
7511	1.0
2809	1.0
5820	0.0
6064	1.0
5315	1.0
3615	0.0
2748	0.0
2358	0.0
3505	1.0
4899	0.0
7281	0.0
1610	1.0
3482	1.0
3062	0.0
4728	0.0
6260	1.0
5768	0.0
1827	1.0
6993	1.0
2361	1.0
1732	1.0
3503	1.0
4584	1.0
1351	1.0
4639	1.0
7743	0.0
876	0.0
6991	0.0
95	1.0
3484	1.0
6937	0.0
9882	1.0
8338	0.0
7974	1.0
9674	1.0
7224	1.0
2516	1.0
5469	0.0
1536	1.0
2464	0.0
9972	1.0
386	0.0
4827	1.0
4951	1.0
1829	1.0
8337	0.0
8768	1.0
9350	1.0
2829	1.0
4612	1.0
8432	0.0
8406	1.0
7860	1.0
8535	1.0
7945	1.0
5807	1.0
3810	1.0
9724	1.0
1066	0.0
7571	1.0
5553	1.0
5632	0.0
8449	1.0
3621	0.0
5132	1.0
440	1.0
8435	0.0
3342	1.0
2623	0.0
5471	1.0
7159	1.0
8352	1.0
4120	1.0
5635	1.0
1045	0.0
4060	1.0
8029	0.0
3419	1.0
8941	0.0
5087	0.0
6029	1.0
5392	0.0
2170	0.0
6846	1.0
328	0.0
8645	1.0
2185	1.0
3879	1.0
7811	1.0
2415	1.0
4785	1.0
4881	0.0
592	1.0
4922	0.0
3421	1.0
1114	1.0
8028	1.0
7500	0.0
6656	1.0
7269	1.0
1440	1.0
5123	1.0
7984	1.0
1013	0.0
6227	1.0
5964	0.0
807	0.0
8840	0.0
7952	1.0
2039	1.0
3278	1.0
9747	1.0
6563	1.0
512	0.0
3764	1.0
7942	1.0
371	1.0
2995	1.0
1399	1.0
300	0.0
9889	1.0
7748	1.0
4532	1.0
8930	0.0
96	1.0
8297	1.0
3563	1.0
4278	0.0
8506	1.0
1767	1.0
8261	1.0
6103	1.0
4516	0.0
581	1.0
7628	1.0
6629	1.0
2789	1.0
3454	1.0
7644	0.0
4886	0.0
4055	1.0
3300	1.0
885	1.0
3607	1.0
3475	0.0
7718	1.0
967	1.0
2204	1.0
7357	1.0
4232	1.0
9547	1.0
6586	0.0
6664	1.0
2609	0.0
5952	0.0
232	1.0
1572	1.0
2462	1.0
3375	1.0
446	0.0
9448	0.0
9300	1.0
3412	0.0
1074	1.0
8821	1.0
3721	0.0
7876	1.0
3201	1.0
7147	1.0
4848	1.0
5739	0.0
3863	0.0
8461	1.0
9681	1.0
5611	1.0
6153	1.0
6148	1.0
9486	1.0
790	1.0
9225	0.0
2677	1.0
5493	1.0
868	1.0
1374	0.0
9190	1.0
2172	0.0
3137	1.0
6896	1.0
1996	1.0
6196	0.0
9670	1.0
476	1.0
582	1.0
4975	1.0
7272	1.0
1875	0.0
1575	0.0
8453	0.0
2030	1.0
9089	1.0
2350	1.0
8558	1.0
5063	1.0
2169	1.0
1177	0.0
1065	0.0
8262	0.0
8268	0.0
1881	1.0
310	0.0
1341	1.0
9472	1.0
6320	1.0
1872	1.0
6503	0.0
2523	0.0
2028	1.0
6892	1.0
795	1.0
7639	1.0
7591	1.0
5825	1.0
9310	1.0
5320	1.0
8231	1.0
4436	0.0
5421	0.0
5640	1.0
4880	1.0
1510	1.0
8615	1.0
6115	1.0
7195	0.0
8748	1.0
5040	0.0
2420	1.0
144	1.0
1949	1.0
346	0.0
4496	1.0
8349	1.0
4969	1.0
2698	0.0
261	1.0
7609	1.0
8056	0.0
9754	1.0
2604	0.0
7024	1.0
7212	1.0
7082	0.0
7527	1.0
4131	0.0
4539	0.0
9776	1.0
4971	1.0
5994	0.0
3254	1.0
728	1.0
4601	1.0
1616	1.0
7058	0.0
8225	1.0
3701	1.0
753	0.0
983	1.0
4722	0.0
2551	0.0
280	1.0
2844	0.0
9919	0.0
3620	0.0
2971	1.0
5989	0.0
601	0.0
7340	0.0
5642	0.0
4959	0.0
2051	1.0
8660	1.0
1321	1.0
2939	1.0
7473	0.0
3971	0.0
4360	1.0
2278	1.0
1403	1.0
502	1.0
4318	0.0
3685	1.0
9824	1.0
4590	0.0
2305	1.0
3171	1.0
1253	1.0
6607	1.0
1755	1.0
9074	1.0
9666	1.0
407	1.0
899	1.0
1224	1.0
5373	0.0
9922	0.0
5738	1.0
9468	1.0
1134	1.0
7349	1.0
7372	0.0
2091	1.0
3155	0.0
3922	0.0
9429	1.0
6919	0.0
3209	1.0
430	1.0
2626	1.0
5678	1.0
9691	0.0
9567	1.0
1135	1.0
4501	1.0
5840	0.0
2594	1.0
1967	1.0
2614	1.0
4675	1.0
2376	1.0
852	1.0
5038	1.0
4095	1.0
8455	0.0
4921	1.0
8972	1.0
3868	1.0
4696	1.0
1164	0.0
2140	0.0
3758	1.0
7825	1.0
1494	1.0
2953	0.0
1139	1.0
5231	1.0
9879	1.0
1825	1.0
406	0.0
861	1.0
819	0.0
2130	0.0
2301	0.0
3318	0.0
5225	1.0
4305	1.0
3514	1.0
5736	1.0
5953	1.0
1372	1.0
5005	1.0
66	0.0
4410	1.0
1802	1.0
4347	1.0
6962	0.0
1192	1.0
4253	1.0
3145	1.0
537	1.0
4776	0.0
7623	1.0
7790	0.0
1143	1.0
1728	1.0
4913	1.0
6735	1.0
3327	0.0
8724	0.0
5491	1.0
1797	1.0
6255	0.0
340	0.0
8920	1.0
3197	0.0
613	1.0
1694	1.0
3690	1.0
4138	0.0
3250	0.0
7793	1.0
5737	1.0
7284	0.0
1456	0.0
4989	1.0
4717	0.0
236	1.0
4874	0.0
510	0.0
4233	1.0
6276	0.0
927	1.0
6314	0.0
2835	1.0
7492	1.0
2439	1.0
5183	1.0
1274	1.0
916	0.0
3387	1.0
9809	1.0
1254	0.0
979	1.0
9876	1.0
81	0.0
2656	1.0
2765	1.0
5415	0.0
4368	1.0
8927	1.0
6318	0.0
4487	1.0
6602	1.0
4351	1.0
7697	1.0
8962	0.0
2083	1.0
8185	0.0
7225	0.0
7728	1.0
9781	0.0
937	1.0
8322	0.0
1319	0.0
3738	1.0
5065	1.0
2380	0.0
2186	0.0
5167	0.0
5085	1.0
3695	0.0
3753	1.0
1278	1.0
5352	0.0
3069	0.0
163	1.0
1763	0.0
2500	0.0
5195	1.0
5375	1.0
8145	0.0
2952	1.0
1287	1.0
5829	1.0
1142	1.0
9734	0.0
9062	1.0
9927	0.0
3251	1.0
7594	1.0
291	1.0
8491	1.0
3344	1.0
9826	1.0
2044	1.0
8403	1.0
1848	0.0
2560	1.0
775	0.0
2162	1.0
3893	1.0
6501	1.0
8204	1.0
2072	0.0
7858	1.0
2553	0.0
7044	1.0
7184	0.0
4105	0.0
7400	1.0
8831	0.0
8714	1.0
4006	1.0
2726	1.0
5855	1.0
929	1.0
7692	0.0
7095	1.0
1780	1.0
9551	1.0
6353	1.0
7305	0.0
8363	0.0
997	0.0
9947	1.0
8947	1.0
7928	0.0
2113	1.0
4643	0.0
341	1.0
51	1.0
6926	0.0
6866	1.0
6952	1.0
2632	1.0
4802	1.0
8049	0.0
1243	0.0
5534	1.0
1185	1.0
9	0.0
8465	1.0
1762	1.0
8027	0.0
7598	0.0
5902	1.0
5334	0.0
9916	1.0
6161	1.0
6296	1.0
4966	1.0
1959	0.0
4616	1.0
3551	0.0
7014	0.0
6430	0.0
3923	1.0
4555	1.0
6106	1.0
1726	1.0
9209	0.0
9893	1.0
6485	1.0
3747	1.0
436	1.0
6986	1.0
2615	1.0
558	0.0
8785	1.0
4498	1.0
4490	1.0
2612	1.0
4082	0.0
4915	1.0
6746	1.0
176	0.0
5445	1.0
1588	1.0
1528	1.0
1969	0.0
8664	1.0
9890	0.0
8420	1.0
1963	0.0
712	0.0
4829	1.0
9741	1.0
7575	0.0
7238	1.0
6420	1.0
9714	1.0
2164	1.0
7000	0.0
8156	0.0
5031	1.0
8320	1.0
5695	1.0
8282	1.0
553	1.0
4197	0.0
8065	1.0
9914	1.0
7496	0.0
2761	0.0
6631	0.0
9854	0.0
2813	1.0
906	1.0
8650	1.0
6961	1.0
9264	0.0
2036	1.0
3389	1.0
9943	1.0
1564	1.0
1206	1.0
1489	0.0
6870	1.0
2928	1.0
1367	1.0
3871	1.0
9849	0.0
9827	1.0
77	0.0
848	1.0
8745	1.0
9644	1.0
8701	1.0
7486	1.0
2836	1.0
5745	0.0
3897	0.0
8555	0.0
2461	1.0
7930	0.0
1674	1.0
8803	1.0
8256	1.0
9613	0.0
974	1.0
7491	1.0
6047	1.0
5092	1.0
7947	1.0
7296	1.0
9446	0.0
9370	1.0
2962	0.0
1149	0.0
7448	1.0
7797	1.0
233	1.0
8876	0.0
1915	1.0
8162	1.0
5551	1.0
869	1.0
587	1.0
8646	0.0
7624	1.0
3276	1.0
3330	1.0
3784	1.0
159	1.0
488	1.0
6613	0.0
3822	0.0
4216	0.0
6436	1.0
3183	1.0
4073	0.0
5979	1.0
4515	1.0
7924	1.0
9958	1.0
1121	0.0
6932	1.0
4621	1.0
1133	0.0
5685	1.0
8492	1.0
3336	1.0
8024	1.0
7074	0.0
944	0.0
215	0.0
9221	1.0
5481	0.0
9341	1.0
8378	1.0
4057	1.0
3851	0.0
7365	1.0
4534	0.0
9819	1.0
4771	1.0
5877	0.0
4682	0.0
9272	0.0
8673	1.0
5404	1.0
7381	1.0
7636	1.0
9079	1.0
7331	0.0
8755	1.0
9015	1.0
7863	1.0
6439	1.0
3521	1.0
1894	1.0
2530	0.0
3122	0.0
172	1.0
6309	1.0
9561	0.0
48	1.0
6511	0.0
7886	1.0
4637	1.0
1553	0.0
8849	0.0
2694	0.0
7055	1.0
9732	0.0
5540	1.0
2291	0.0
5880	0.0
1016	0.0
432	1.0
6194	0.0
1475	1.0
6101	0.0
9236	1.0
6425	0.0
2357	1.0
2182	1.0
5367	1.0
1838	1.0
5052	0.0
2117	0.0
6957	0.0
1388	0.0
9406	0.0
3180	1.0
4041	0.0
8098	1.0
1792	1.0
9261	0.0
7348	1.0
4005	0.0
5798	1.0
8272	1.0
4261	1.0
6557	1.0
6857	1.0
1512	1.0
7976	1.0
578	1.0
8111	1.0
9106	1.0
3892	0.0
4302	1.0
879	1.0
317	0.0
1836	1.0
4519	1.0
8090	0.0
5538	1.0
3408	0.0
559	1.0
8377	1.0
2555	0.0
8752	1.0
2662	1.0
5425	0.0
5969	0.0
4098	1.0
739	0.0
4528	0.0
3022	0.0
552	1.0
477	0.0
2303	1.0
5298	1.0
8097	1.0
9211	1.0
1079	0.0
6888	0.0
7103	0.0
2388	0.0
61	1.0
5885	1.0
5003	0.0
5458	0.0
3645	1.0
8270	1.0
3675	1.0
6354	1.0
6761	1.0
3313	1.0
632	0.0
547	1.0
4772	0.0
4982	1.0
7572	0.0
7311	1.0
9200	1.0
596	1.0
5985	1.0
4430	1.0
1301	1.0
177	1.0
8010	1.0
2910	1.0
4619	1.0
3564	1.0
2960	0.0
950	1.0
5274	1.0
5555	1.0
3560	1.0
5442	1.0
5845	0.0
3603	1.0
5930	1.0
7843	1.0
8735	0.0
2773	0.0
1471	0.0
1815	1.0
5622	1.0
7841	0.0
6881	1.0
7484	0.0
619	0.0
1276	0.0
8480	0.0
423	1.0
50	1.0
3114	1.0
2898	1.0
5241	1.0
1199	1.0
1835	1.0
758	1.0
8942	1.0
4832	0.0
610	0.0
1868	0.0
834	1.0
9759	1.0
3214	1.0
6054	1.0
5436	1.0
6228	0.0
8052	1.0
8868	1.0
4455	0.0
8715	0.0
5328	0.0
6835	1.0
9790	1.0
5171	1.0
6869	1.0
2080	1.0
8007	0.0
796	1.0
3486	0.0
4542	1.0
3661	1.0
450	1.0
732	1.0
4694	1.0
231	1.0
3658	1.0
9451	0.0
8475	1.0
1116	0.0
2812	0.0
5977	1.0
6605	0.0
754	1.0
5963	1.0
6956	1.0
8259	0.0
3356	1.0
9320	0.0
3962	0.0
3287	0.0
8764	1.0
3481	1.0
9895	1.0
7404	1.0
2181	1.0
3355	1.0
5897	0.0
1696	1.0
5489	0.0
5891	1.0
365	1.0
4618	1.0
542	1.0
4884	1.0
9808	1.0
8509	0.0
1127	0.0
3670	1.0
6056	0.0
3282	0.0
8749	1.0
2970	1.0
6762	0.0
8864	0.0
3428	1.0
5245	1.0
8819	0.0
7796	1.0
7829	0.0
8848	1.0
2410	0.0
4210	0.0
5679	1.0
7472	0.0
8600	0.0
9560	1.0
7366	1.0
3611	1.0
5374	1.0
7631	1.0
5646	1.0
5560	1.0
6045	1.0
7671	1.0
4367	1.0
5232	0.0
2935	1.0
3227	0.0
5937	1.0
7380	1.0
7446	1.0
4862	0.0
9678	1.0
4270	0.0
1917	0.0
6890	1.0
308	1.0
4831	1.0
8998	1.0
6580	0.0
413	1.0
5567	1.0
2499	0.0
3732	1.0
8589	0.0
8042	0.0
7110	1.0
4012	1.0
1404	0.0
422	0.0
8512	1.0
3698	1.0
2403	0.0
3693	1.0
7114	1.0
5131	1.0
2780	1.0
9284	1.0
8625	0.0
5302	1.0
6844	1.0
6525	1.0
4080	0.0
9157	1.0
3666	1.0
8389	1.0
4981	1.0
9305	0.0
520	0.0
8228	0.0
8618	1.0
2524	1.0
1837	0.0
5060	0.0
5851	1.0
3728	0.0
9610	0.0
6934	0.0
9403	1.0
9334	1.0
4787	1.0
7139	1.0
9293	0.0
4458	0.0
6349	0.0
3797	1.0
1661	1.0
1441	1.0
2906	0.0
1933	1.0
7932	0.0
6444	0.0
187	1.0
4136	1.0
7054	1.0
2243	0.0
2865	0.0
2746	0.0
4002	1.0
90	1.0
5594	0.0
6385	1.0
8173	0.0
9408	1.0
551	1.0
3553	1.0
4526	1.0
6843	1.0
7896	1.0
8094	0.0
5234	1.0
4191	1.0
6720	1.0
7902	0.0
6882	1.0
3380	1.0
7017	1.0
8186	0.0
42	0.0
9245	1.0
7699	0.0
9241	0.0
9219	1.0
5372	1.0
2757	0.0
9353	1.0
2936	1.0
3021	0.0
8540	1.0
1935	1.0
7925	1.0
5130	1.0
2457	0.0
1430	0.0
9606	0.0
4280	0.0
9123	0.0
9601	0.0
395	0.0
7409	1.0
4544	1.0
5609	0.0
1924	1.0
1365	1.0
8675	1.0
7271	1.0
5526	1.0
8978	0.0
509	1.0
4579	1.0
1857	0.0
4374	0.0
2021	1.0
9375	1.0
8055	0.0
6305	1.0
2676	1.0
767	1.0
786	1.0
9177	1.0
4286	1.0
6355	1.0
7894	1.0
5784	1.0
1671	1.0
7834	1.0
6071	1.0
6156	0.0
787	0.0
6802	0.0
5184	0.0
5108	0.0
8175	1.0
9764	0.0
1308	1.0
9137	1.0
8412	1.0
5377	1.0
579	0.0
5774	1.0
3811	1.0
5001	1.0
2787	0.0
9445	1.0
1312	1.0
9018	0.0
156	1.0
1062	1.0
2586	0.0
1485	0.0
8122	0.0
354	1.0
3576	0.0
9891	1.0
2712	1.0
1724	0.0
8674	1.0
7273	0.0
3410	1.0
725	0.0
8987	0.0
9591	0.0
9964	1.0
5151	0.0
3540	0.0
9184	1.0
3153	0.0
3782	0.0
1439	1.0
5278	1.0
3255	0.0
4836	1.0
5938	0.0
2311	1.0
7417	0.0
5783	0.0
4316	0.0
7030	1.0
533	0.0
1517	1.0
5838	0.0
7369	0.0
8202	1.0
7494	0.0
4740	1.0
9500	1.0
1236	1.0
9530	1.0
6443	0.0
8919	0.0
599	1.0
158	1.0
1556	1.0
3736	1.0
3574	0.0
2294	0.0
7067	1.0
8503	1.0
1176	1.0
7181	0.0
10	1.0
3618	1.0
3627	1.0
1711	1.0
5251	1.0
8761	1.0
5476	1.0
3056	1.0
3099	0.0
1216	1.0
6608	0.0
5644	1.0
2754	0.0
6140	1.0
3369	0.0
2167	1.0
3909	0.0
4814	1.0
8127	1.0
9191	1.0
6805	1.0
3684	1.0
3311	0.0
3975	1.0
3469	1.0
4199	1.0
2347	1.0
1447	0.0
1509	1.0
8826	0.0
8478	0.0
8481	1.0
1721	1.0
3491	1.0
9679	1.0
3000	1.0
9354	0.0
1700	1.0
7032	1.0
4821	1.0
7786	1.0
707	1.0
3458	0.0
9566	1.0
9721	1.0
7483	1.0
7259	1.0
6133	0.0
8117	0.0
5934	1.0
1731	0.0
1183	0.0
4129	1.0
4142	1.0
9491	0.0
8531	1.0
1539	1.0
8157	1.0
6418	0.0
6970	0.0
1361	1.0
7986	0.0
8526	1.0
7989	0.0
8677	1.0
8019	1.0
3037	1.0
7779	1.0
3290	1.0
2155	1.0
943	0.0
7717	0.0
8709	1.0
4756	0.0
4803	0.0
7107	1.0
3650	1.0
3648	1.0
7608	1.0
4007	1.0
726	1.0
7654	1.0
598	1.0
5477	1.0
5760	1.0
4662	0.0
2715	0.0
4128	1.0
7931	1.0
5129	1.0
121	0.0
7899	0.0
8906	1.0
9864	1.0
5849	0.0
8250	1.0
9572	0.0
5452	1.0
4462	1.0
9208	0.0
2325	1.0
9097	0.0
2394	1.0
5993	0.0
1689	1.0
4078	0.0
8721	1.0
5875	1.0
4221	1.0
3798	0.0
6457	0.0
1659	1.0
5459	1.0
5583	1.0
5649	0.0
1620	1.0
8882	0.0
3189	0.0
6442	1.0
8140	0.0
1865	0.0
5075	1.0
8559	0.0
7529	1.0
2558	0.0
511	1.0
3796	0.0
4346	1.0
8812	1.0
1451	1.0
838	1.0
5588	1.0
8176	1.0
3552	1.0
9880	0.0
6885	1.0
4751	1.0
4376	0.0
9179	1.0
9660	1.0
9048	1.0
646	1.0
5818	1.0
1817	1.0
1231	1.0
7426	0.0
4711	1.0
1305	1.0
6019	0.0
6081	0.0
9402	1.0
5012	0.0
212	1.0
7156	1.0
3216	0.0
3931	1.0
3185	1.0
6306	1.0
9622	1.0
5730	0.0
7009	1.0
2732	0.0
2833	0.0
3659	0.0
3212	1.0
6665	1.0
1809	1.0
5485	1.0
8054	1.0
9421	0.0
4715	1.0
5729	1.0
6526	0.0
7606	0.0
6200	1.0
1009	0.0
3637	0.0
562	0.0
9779	0.0
8861	1.0
9357	1.0
8444	1.0
1466	0.0
8158	1.0
3422	1.0
5437	1.0
591	0.0
7141	1.0
1495	1.0
1358	0.0
4685	1.0
8119	1.0
9189	0.0
4875	1.0
4586	1.0
349	1.0
6138	1.0
6374	0.0
5027	0.0
9140	0.0
4896	1.0
8170	1.0
9682	0.0
8522	1.0
311	1.0
5185	1.0
8350	0.0
4924	1.0
6379	1.0
6620	1.0
7318	1.0
4830	1.0
9671	1.0
3339	1.0
8439	0.0
3139	1.0
4533	0.0
8368	1.0
2959	1.0
249	0.0
9329	1.0
6157	1.0
1525	1.0
9003	0.0
8860	1.0
808	1.0
1648	1.0
175	1.0
6861	1.0
3366	0.0
696	1.0
921	1.0
1161	0.0
3556	1.0
2862	1.0
1414	1.0
5413	0.0
9859	0.0
4257	1.0
6232	1.0
4718	1.0
1669	0.0
9695	0.0
1958	0.0
9232	1.0
2198	1.0
9924	0.0
2880	1.0
652	1.0
4867	1.0
7774	1.0
7424	0.0
5947	0.0
6406	1.0
7678	0.0
6496	0.0
8563	0.0
8818	0.0
8926	1.0
8129	1.0
689	0.0
4100	1.0
500	1.0
6595	1.0
3312	0.0
2882	0.0
700	1.0
2385	1.0
4157	0.0
9149	0.0
6610	1.0
4396	1.0
5532	0.0
8703	1.0
3520	1.0
6217	0.0
6248	0.0
4116	1.0
692	0.0
1698	0.0
8853	0.0
4985	0.0
4780	1.0
7831	0.0
2856	0.0
1636	1.0
9589	1.0
9152	0.0
1387	1.0
890	0.0
9201	1.0
2887	0.0
9877	1.0
4352	1.0
2492	0.0
7165	1.0
941	1.0
1822	0.0
4433	1.0
6783	0.0
9993	1.0
5894	1.0
6399	0.0
14	1.0
7878	1.0
6738	1.0
6092	0.0
7963	1.0
3901	0.0
7457	1.0
2666	1.0
5787	0.0
2637	0.0
858	1.0
6792	0.0
7960	0.0
4400	1.0
1228	0.0
3028	1.0
3277	1.0
1255	1.0
3867	0.0
7499	1.0
1229	0.0
2709	1.0
9159	1.0
8591	0.0
9636	1.0
4307	1.0
1753	0.0
8681	1.0
2554	0.0
7812	0.0
2150	1.0
7087	1.0
6500	1.0
4609	1.0
497	1.0
9024	0.0
3433	0.0
4764	0.0
4816	0.0
2729	0.0
9978	0.0
2352	1.0
2008	1.0
2904	1.0
3896	1.0
977	0.0
7467	0.0
7189	0.0
6669	1.0
6282	1.0
1535	1.0
7478	1.0
1921	0.0
7816	0.0
1130	1.0
2192	1.0
8240	1.0
2737	0.0
9166	1.0
7763	1.0
1526	1.0
2913	0.0
522	1.0
4163	1.0
1922	0.0
457	0.0
1397	1.0
5370	1.0
545	0.0
7022	1.0
3352	1.0
8833	0.0
6743	1.0
7720	1.0
6478	0.0
2751	1.0
9835	0.0
9677	1.0
3416	1.0
6532	1.0
8728	1.0
9793	0.0
2816	1.0
4860	1.0
3973	1.0
1785	0.0
3714	1.0
5717	0.0
5263	1.0
5751	1.0
8359	1.0
2408	0.0
8880	0.0
9892	1.0
4127	1.0
9130	1.0
7875	1.0
9590	0.0
1743	0.0
5620	0.0
8141	1.0
5997	1.0
9251	1.0
165	1.0
4061	1.0
4919	1.0
5537	0.0
8390	0.0
9474	0.0
8401	0.0
2762	1.0
1602	1.0
6638	1.0
9476	1.0
5056	1.0
524	0.0
6001	0.0
6330	1.0
5474	1.0
5639	1.0
3193	0.0
2295	1.0
2222	1.0
8612	1.0
4602	0.0
2682	1.0
2149	1.0
6672	1.0
6646	1.0
4343	1.0
630	1.0
6051	0.0
4320	1.0
5933	1.0
3955	1.0
4258	1.0
6897	1.0
9266	1.0
4092	1.0
6262	0.0
9188	1.0
2257	0.0
2068	1.0
2633	0.0
8873	1.0
7308	0.0
4840	1.0
1714	0.0
6717	0.0
9902	1.0
147	1.0
7438	1.0
7547	1.0
9917	0.0
266	0.0
1542	0.0
1653	1.0
6592	1.0
2827	1.0
6689	0.0
668	1.0
2396	0.0
5230	1.0
3865	1.0
1000	1.0
6364	1.0
7419	1.0
5577	1.0
8299	1.0
6376	0.0
3005	1.0
7437	1.0
3100	0.0
7477	1.0
7443	0.0
8827	1.0
6596	1.0
2578	1.0
6073	1.0
1401	1.0
5747	0.0
3151	1.0
6243	0.0
9553	1.0
7818	1.0
4506	1.0
1693	1.0
2340	1.0
1751	1.0
9369	1.0
2525	1.0
1974	1.0
8133	1.0
6114	1.0
414	0.0
1861	1.0
1870	1.0
7615	1.0
3024	1.0
5083	1.0
7669	0.0
6398	0.0
3307	0.0
4549	0.0
8569	1.0
7536	0.0
3587	1.0
5826	1.0
475	1.0
1258	1.0
4357	0.0
412	1.0
7599	1.0
5354	1.0
4940	0.0
4121	1.0
5512	1.0
4332	1.0
4518	0.0
1683	0.0
4941	1.0
702	0.0
2923	0.0
8219	0.0
1152	1.0
9060	1.0
3567	1.0
2661	1.0
5252	1.0
9142	1.0
7152	0.0
7026	1.0
6284	1.0
4047	0.0
3443	1.0
6382	1.0
207	1.0
7996	1.0
5523	1.0
2189	1.0
4560	1.0
6108	1.0
2424	1.0
4266	0.0
7002	1.0
4295	0.0
2484	1.0
6492	1.0
9529	1.0
4928	0.0
9019	1.0
5170	0.0
4273	0.0
6512	1.0
2607	0.0
7635	0.0
3785	1.0
373	1.0
4983	1.0
5329	0.0
6654	1.0
2138	1.0
9332	1.0
5213	1.0
7003	1.0
4524	1.0
3324	0.0
3124	1.0
3159	0.0
6164	1.0
2629	1.0
6477	1.0
1427	1.0
8258	0.0
6742	1.0
1632	1.0
7167	1.0
6329	1.0
2129	0.0
910	0.0
2691	1.0
39	1.0
3043	0.0
4037	1.0
2636	0.0
7390	1.0
9913	1.0
3379	1.0
5064	0.0
2769	1.0
342	0.0
6368	0.0
1089	1.0
5043	1.0
24	1.0
9522	0.0
6022	1.0
6562	1.0
1131	1.0
3866	0.0
5883	1.0
5565	0.0
8979	1.0
1515	1.0
1295	1.0
3997	1.0
464	0.0
8254	0.0
6358	0.0
6438	0.0
6267	0.0
851	1.0
9663	1.0
3027	1.0
8712	1.0
9684	1.0
741	1.0
9952	0.0
8900	1.0
7592	1.0
2978	1.0
1646	1.0
7215	1.0
8138	1.0
6163	0.0
5014	1.0
9077	1.0
9169	0.0
6850	1.0
5878	0.0
4093	1.0
3192	1.0
3862	1.0
4572	0.0
5699	1.0
4903	1.0
7850	0.0
4520	1.0
4206	1.0
8210	0.0
5727	0.0
3425	1.0
2330	1.0
2093	0.0
9894	0.0
3455	1.0
9343	0.0
9608	0.0
1488	1.0
5240	0.0
8387	1.0
5420	1.0
7938	1.0
4923	0.0
4709	0.0
5589	0.0
8136	0.0
438	1.0
8213	1.0
4071	0.0
5837	1.0
5393	1.0
1245	1.0
942	1.0
4399	1.0
7406	0.0
8418	0.0
6772	0.0
6849	1.0
2695	1.0
2572	1.0
1030	0.0
5447	1.0
57	1.0
3113	0.0
8386	0.0
216	1.0
2179	1.0
4812	1.0
5579	0.0
1483	1.0
434	1.0
716	1.0
6931	0.0
1303	1.0
1675	0.0
4987	1.0
1644	1.0
7456	1.0
2374	1.0
4733	1.0
5220	0.0
6155	1.0
8092	1.0
2270	0.0
7382	1.0
8877	0.0
1008	0.0
2857	1.0
4464	1.0
841	1.0
8727	0.0
6121	1.0
9600	0.0
8798	1.0
1511	1.0
9214	1.0
638	0.0
9794	1.0
5641	1.0
4130	1.0
3142	0.0
1834	1.0
6712	1.0
4195	1.0
344	1.0
2724	0.0
9771	1.0
1117	0.0
7757	1.0
2688	1.0
7204	1.0
3680	1.0
4149	1.0
8529	1.0
398	1.0
757	1.0
116	1.0
1101	1.0
4044	1.0
966	0.0
2371	1.0
6168	0.0
9592	1.0
5276	1.0
7222	0.0
7645	1.0
265	1.0
2309	1.0
1377	0.0
1186	0.0
9409	0.0
6576	0.0
1022	1.0
7964	0.0
1904	1.0
2638	0.0
5270	1.0
2038	0.0
4758	1.0
4770	1.0
3776	1.0
8362	0.0
6745	1.0
137	1.0
2539	1.0
4262	0.0
452	1.0
4291	1.0
2096	0.0
1722	1.0
6060	0.0
5554	0.0
2245	0.0
4887	0.0
5557	0.0
5494	1.0
2061	1.0
1907	0.0
7848	0.0
5488	1.0
1649	1.0
2810	0.0
9816	0.0
8769	0.0
6413	0.0
5017	1.0
2652	1.0
9263	0.0
1332	0.0
140	1.0
8493	1.0
5371	0.0
1712	1.0
1799	0.0
1316	0.0
7505	1.0
8633	0.0
7301	1.0
8443	1.0
3655	1.0
2310	1.0
4186	1.0
7293	1.0
132	0.0
2783	1.0
8760	0.0
6567	1.0
28	1.0
5478	1.0
6523	1.0
503	1.0
4692	0.0
1270	0.0
9485	0.0
6008	1.0
9765	0.0
9770	0.0
4172	1.0
8682	1.0
8247	1.0
471	1.0
3667	1.0
2465	1.0
4929	1.0
2076	1.0
9527	1.0
2543	0.0
6037	1.0
5310	0.0
6252	1.0
4600	1.0
1860	1.0
6159	1.0
9970	1.0
210	1.0
5193	1.0
7888	0.0
347	1.0
4334	1.0
3763	1.0
994	1.0
127	1.0
6874	1.0
3118	1.0
2460	1.0
2031	1.0
3064	1.0
3051	1.0
6840	0.0
6877	0.0
7509	0.0
4686	1.0
9010	0.0
3089	1.0
666	1.0
999	1.0
9004	1.0
3426	0.0
4447	1.0
1812	1.0
1639	0.0
963	1.0
1493	1.0
6785	0.0
535	1.0
1391	0.0
8048	0.0
3234	1.0
1223	1.0
4452	1.0
5692	0.0
7981	1.0
6976	0.0
8087	0.0
3547	1.0
9359	1.0
901	0.0
3396	0.0
6609	1.0
2089	1.0
8456	1.0
67	1.0
3806	1.0
4497	0.0
1527	0.0
9457	1.0
4010	0.0
4986	0.0
6141	0.0
4508	0.0
5771	1.0
3535	0.0
7116	0.0
4730	0.0
6513	0.0
9067	1.0
2009	0.0
4909	0.0
5724	0.0
7135	1.0
8699	0.0
4052	1.0
4525	1.0
3651	0.0
6067	1.0
8607	1.0
5630	1.0
804	1.0
2233	0.0
4251	1.0
6277	0.0
8281	1.0
234	1.0
782	1.0
3760	1.0
7512	1.0
526	1.0
8938	1.0
7698	0.0
7953	1.0
1657	1.0
4416	0.0
9173	1.0
7004	1.0
7256	1.0
2981	0.0
4051	1.0
2221	0.0
933	0.0
5050	0.0
5018	1.0
201	0.0
4912	0.0
762	0.0
9800	0.0
7799	1.0
5732	1.0
628	1.0
7603	1.0
8565	1.0
1931	1.0
2281	1.0
8080	1.0
3750	0.0
409	0.0
3649	1.0
5201	0.0
873	1.0
6404	0.0
3298	0.0
1783	0.0
382	1.0
8855	1.0
3026	0.0
4781	1.0
6221	1.0
8306	1.0
1037	1.0
9784	1.0
8915	1.0
417	0.0
593	1.0
711	1.0
1663	1.0
2819	1.0
6488	0.0
8330	1.0
5081	0.0
7991	0.0
674	1.0
4684	0.0
7333	0.0
6124	0.0
7514	0.0
8372	0.0
3957	1.0
8744	1.0
8107	1.0
5499	0.0
1191	1.0
7742	0.0
6598	1.0
9351	0.0
3229	0.0
605	1.0
2996	1.0
1626	1.0
4719	1.0
3225	1.0
9743	1.0
6463	1.0
6985	0.0
2470	1.0
8940	1.0
3220	1.0
5203	1.0
2742	1.0
1932	1.0
6827	0.0
7637	1.0
8152	1.0
6947	0.0
9791	1.0
763	1.0
7083	1.0
2014	1.0
189	0.0
3656	0.0
4477	0.0
2801	1.0
5671	1.0
1085	1.0
8339	0.0
672	0.0
153	1.0
727	1.0
377	0.0
23	1.0
3415	1.0
1323	1.0
2023	0.0
2331	1.0
5814	1.0
5714	1.0
5176	1.0
1234	1.0
6527	1.0
4652	1.0
481	1.0
2354	1.0
1227	0.0
109	1.0
1530	1.0
9087	0.0
358	1.0
8209	1.0
4143	1.0
5790	1.0
1298	1.0
49	1.0
9324	1.0
8034	1.0
4962	0.0
1486	0.0
2776	0.0
4388	1.0
8666	1.0
2886	1.0
6470	1.0
6992	1.0
9323	0.0
6940	1.0
9150	1.0
2589	1.0
5155	1.0
8528	1.0
1971	0.0
8103	0.0
8992	1.0
3720	1.0
6229	1.0
1761	1.0
1508	1.0
3917	1.0
3127	1.0
2858	1.0
6635	0.0
9798	1.0
8514	1.0
1945	1.0
9795	0.0
2193	1.0
31	1.0
2379	0.0
7556	0.0
1261	1.0
5896	1.0
2402	0.0
3518	1.0
9103	0.0
178	0.0
2759	1.0
7077	1.0
9577	1.0
3340	1.0
5112	0.0
8706	1.0
6271	1.0
3855	1.0
6214	0.0
6119	1.0
8458	0.0
4252	1.0
6812	0.0
335	1.0
829	0.0
1513	1.0
6307	0.0
4021	1.0
4407	1.0
3158	1.0
2497	1.0
7479	0.0
3292	1.0
505	1.0
5911	1.0
6978	1.0
6390	0.0
1031	0.0
2390	0.0
8737	0.0
6249	0.0
8975	0.0
8609	0.0
1002	0.0
5580	1.0
2454	0.0
7627	1.0
8076	1.0
7611	1.0
6810	1.0
5984	1.0
4857	1.0
7097	1.0
9844	1.0
8115	1.0
8189	1.0
2899	1.0
392	0.0
8411	0.0
4926	1.0
4240	0.0
6969	0.0
1716	0.0
7590	0.0
3448	1.0
1756	0.0
4242	1.0
206	0.0
1090	1.0
657	0.0
6988	1.0
7910	1.0
3103	0.0
7563	1.0
6479	1.0
9384	1.0
2901	0.0
9167	1.0
327	1.0
1221	1.0
8393	0.0
8143	1.0
7690	1.0
2744	1.0
9336	1.0
9148	1.0
5621	1.0
1771	1.0
7302	1.0
2546	1.0
8032	1.0
8960	1.0
6265	1.0
1984	1.0
3239	1.0
2018	0.0
379	1.0
9673	0.0
600	0.0
8445	1.0
8000	1.0
9701	0.0
9832	0.0
78	1.0
6549	0.0
9000	0.0
7098	0.0
5257	0.0
8933	1.0
2442	0.0
642	1.0
7911	1.0
5473	1.0
6351	0.0
3508	1.0
3825	1.0
1446	1.0
1968	0.0
4888	1.0
383	1.0
83	1.0
7917	1.0
8309	1.0
2240	1.0
4256	0.0
9843	1.0
2873	0.0
2881	1.0
7647	1.0
2988	0.0
7837	1.0
7021	0.0
5660	1.0
196	0.0
5797	1.0
1145	0.0
2982	1.0
9915	1.0
8779	0.0
3267	1.0
2126	0.0
4592	1.0
6714	0.0
7428	1.0
978	0.0
2319	0.0
6621	1.0
1422	0.0
5916	0.0
8888	0.0
8430	0.0
6818	0.0
9081	1.0
9881	0.0
9783	1.0
6446	1.0
7268	1.0
3584	0.0
9345	0.0
8285	0.0
3202	1.0
5749	0.0
9344	1.0
7807	1.0
2178	0.0
8113	0.0
7652	1.0
248	0.0
1566	1.0
9599	1.0
6473	1.0
7689	1.0
3542	1.0
695	1.0
3814	1.0
609	0.0
6178	1.0
8305	0.0
9535	0.0
897	0.0
1421	0.0
1240	0.0
2531	1.0
7258	0.0
7845	0.0
831	0.0
1057	1.0
5280	1.0
1873	1.0
7452	1.0
9187	1.0
9337	1.0
3536	1.0
4948	1.0
2920	1.0
8550	0.0
4087	1.0
6706	1.0
3150	1.0
5764	1.0
645	1.0
2447	1.0
3081	1.0
8190	0.0
8490	0.0
3165	1.0
2441	0.0
8296	0.0
7490	1.0
8898	1.0
6950	1.0
1330	1.0
9223	1.0
5103	1.0
2902	1.0
8416	0.0
3246	1.0
8511	1.0
5905	1.0
2915	1.0
7770	1.0
3970	1.0
7526	0.0
2696	0.0
9545	1.0
7206	1.0
3729	0.0
5633	0.0
7872	1.0
6806	1.0
2574	1.0
7584	0.0
6755	0.0
7633	1.0
4165	1.0
5070	1.0
1110	1.0
9253	1.0
1102	0.0
9346	0.0
1170	1.0
1029	1.0
2800	0.0
8754	1.0
7441	1.0
6907	1.0
9570	0.0
8498	1.0
269	0.0
4030	1.0
3399	1.0
6879	0.0
1750	0.0
8482	1.0
6728	1.0
1768	1.0
3156	1.0
408	1.0
3350	1.0
5450	1.0
5813	1.0
4265	0.0
6604	1.0
888	1.0
1882	1.0
6708	0.0
8776	0.0
5712	1.0
2508	0.0
8464	1.0
4442	1.0
3431	0.0
3465	0.0
5332	0.0
914	1.0
5943	0.0
7820	0.0
4184	0.0
5149	1.0
2369	1.0
5243	1.0
4170	0.0
1146	0.0
648	0.0
7252	1.0
4183	1.0
1896	0.0
6169	0.0
7350	1.0
5559	1.0
7335	1.0
9501	0.0
6573	1.0
5546	0.0
3895	0.0
6996	1.0
9918	1.0
5720	0.0
7933	1.0
3279	1.0
4767	1.0
6589	1.0
9270	0.0
1999	0.0
3644	1.0
8067	0.0
8448	0.0
3237	1.0
6094	0.0
2713	1.0
303	0.0
9711	0.0
2966	1.0
8935	0.0
8759	1.0
4488	1.0
6279	0.0
7651	0.0
2522	1.0
7859	1.0
2515	1.0
8260	0.0
7278	0.0
8733	1.0
675	0.0
2153	0.0
2587	1.0
6619	1.0
8201	0.0
8811	1.0
9385	0.0
6407	1.0
4125	0.0
6182	0.0
2141	0.0
285	1.0
4391	1.0
9642	1.0
7487	1.0
302	0.0
7084	0.0
6517	0.0
8909	1.0
6966	0.0
3626	1.0
7232	0.0
3427	0.0
3654	1.0
7178	1.0
1407	1.0
4757	0.0
4294	0.0
8991	0.0
1352	0.0
4214	1.0
1781	0.0
2431	0.0
3499	1.0
8012	0.0
7664	1.0
6082	1.0
6253	1.0
8954	0.0
6483	0.0
9571	1.0
1436	0.0
1281	1.0
7887	1.0
856	0.0
154	1.0
3759	1.0
5441	1.0
191	1.0
946	1.0
1533	1.0
3017	1.0
5796	0.0
6167	1.0
3746	1.0
5935	0.0
2102	1.0
5970	1.0
272	0.0
3401	0.0
5596	0.0
2582	1.0
4842	1.0
7828	1.0
3123	1.0
4649	1.0
7027	0.0
2321	0.0
2469	0.0
1417	1.0
1546	1.0
2362	0.0
8945	1.0
7322	1.0
3561	1.0
8033	0.0
8725	1.0
3543	0.0
4088	1.0
7454	1.0
3354	0.0
7687	1.0
9874	0.0
9603	0.0
52	1.0
6666	0.0
8064	1.0
7900	1.0
8203	1.0
9044	0.0
7106	0.0
2035	0.0
2798	1.0
8123	0.0
5763	1.0
1562	1.0
7898	1.0
9362	0.0
8588	1.0
3436	0.0
173	1.0
2395	0.0
4820	1.0
433	1.0
2683	1.0
3602	1.0
4393	1.0
1392	1.0
3872	1.0
7489	0.0
3646	0.0
8183	0.0
3252	1.0
3429	1.0
4124	1.0
877	1.0
8474	0.0
9538	1.0
7430	1.0
2329	1.0
54	1.0
7161	0.0
9473	1.0
2247	1.0
6504	1.0
6872	1.0
9503	1.0
4119	0.0
4866	0.0
3812	0.0
5255	1.0
9748	0.0
5887	1.0
2931	1.0
8070	0.0
1247	0.0
8036	0.0
8897	1.0
9540	1.0
3966	0.0
4118	0.0
9007	1.0
3703	0.0
8328	1.0
7162	0.0
527	0.0
8547	0.0
2793	0.0
364	1.0
7205	0.0
8399	1.0
5682	1.0
3423	1.0
60	1.0
5616	1.0
289	0.0
9628	0.0
3451	1.0
1681	0.0
2869	1.0
8783	1.0
5314	1.0
3686	0.0
7579	1.0
9575	0.0
1314	1.0
4176	1.0
1579	1.0
7234	0.0
827	1.0
1578	1.0
7090	1.0
9749	1.0
8524	0.0
5853	0.0
2774	1.0
5841	1.0
3149	0.0
1405	0.0
5582	1.0
2541	0.0
0	0.0
9365	1.0
4713	0.0
6246	0.0
5235	0.0
182	1.0
1052	0.0
8806	0.0
1324	0.0
7309	1.0
2483	0.0
6107	1.0
3101	0.0
6150	1.0
6765	1.0
2458	0.0
1386	1.0
5592	1.0
4412	0.0
6905	1.0
6657	1.0
544	0.0
9490	0.0
388	1.0
9499	1.0
3449	1.0
7384	1.0
2764	1.0
957	1.0
2708	0.0
2605	0.0
9950	1.0
9997	1.0
1091	1.0
4309	1.0
7339	0.0
74	0.0
6171	0.0
3270	0.0
2685	0.0
7488	0.0
1289	0.0
4535	1.0
9615	1.0
1925	0.0
4749	1.0
9287	1.0
9360	0.0
1328	1.0
3088	0.0
5114	1.0
6878	1.0
467	1.0
6644	1.0
837	1.0
7881	0.0
3010	1.0
2720	0.0
9155	1.0
5859	0.0
3226	0.0
9875	1.0
8314	1.0
4850	1.0
2864	1.0
2292	1.0
7347	0.0
7806	0.0
8441	1.0
5453	1.0
3831	1.0
9696	1.0
7784	0.0
5944	1.0
3991	1.0
1238	1.0
1444	1.0
1754	0.0
8096	1.0
6369	0.0
4869	1.0
9559	1.0
5032	1.0
6126	1.0
168	0.0
2114	0.0
7209	1.0
6558	0.0
3463	1.0
5467	0.0
4249	1.0
6061	1.0
3517	1.0
5266	1.0
658	0.0
6982	0.0
1381	1.0
4623	1.0
912	1.0
4048	0.0
543	1.0
6233	1.0
8280	1.0
7744	1.0
7501	1.0
8150	1.0
1851	0.0
7019	0.0
9216	0.0
6230	1.0
2177	1.0
5869	1.0
3263	1.0
274	0.0
3877	1.0
833	0.0
368	1.0
1504	0.0
982	0.0
2230	1.0
1855	1.0
7729	1.0
8405	1.0
7243	0.0
3440	0.0
9654	1.0
5604	1.0
7980	1.0
6786	0.0
2168	0.0
8763	1.0
6955	1.0
5342	1.0
9255	0.0
4365	1.0
8955	1.0
2261	0.0
8687	1.0
3261	0.0
8751	1.0
9562	0.0
91	1.0
2397	1.0
8775	1.0
8290	0.0
3890	0.0
323	1.0
8030	1.0
3213	1.0
4766	1.0
2087	1.0
2069	0.0
3066	1.0
1313	1.0
7530	1.0
540	1.0
6396	1.0
4545	1.0
3710	0.0
5400	1.0
3793	1.0
1356	1.0
6974	0.0
7334	1.0
5971	0.0
3128	1.0
6599	0.0
4965	1.0
9316	0.0
1201	0.0
4877	0.0
9750	0.0
9327	1.0
6448	0.0
1257	1.0
6832	1.0
5097	1.0
4392	1.0
7120	1.0
2048	0.0
9322	0.0
4144	0.0
8852	1.0
3590	1.0
7312	1.0
1587	1.0
9834	0.0
2830	1.0
1604	0.0
7597	1.0
2905	0.0
9206	1.0
8238	1.0
2455	1.0
5353	1.0
4670	1.0
3633	1.0
2711	1.0
7707	1.0
4254	0.0
9462	1.0
2852	1.0
1709	1.0
4972	1.0
8171	1.0
8014	1.0
1901	0.0
7078	0.0
3247	1.0
9760	0.0
3490	0.0
5209	0.0
4150	1.0
9602	0.0
435	1.0
4224	1.0
5759	1.0
1987	1.0
6434	1.0
9983	1.0
7300	1.0
8885	1.0
8977	1.0
6383	1.0
7136	1.0
2622	1.0
8467	1.0
3624	1.0
7274	1.0
9842	1.0
6000	0.0
5127	1.0
7262	1.0
6603	1.0
6362	0.0
9347	1.0
6770	0.0
7493	1.0
7621	1.0
7737	0.0
1899	1.0
5576	1.0
1244	1.0
486	1.0
3414	1.0
8691	0.0
4742	0.0
3333	1.0
7923	1.0
9391	1.0
7708	0.0
5223	1.0
4548	1.0
136	1.0
5586	1.0
1379	1.0
2254	0.0
9271	1.0
6959	1.0
8224	0.0
255	1.0
9722	1.0
30	1.0
1153	1.0
6020	1.0
7832	1.0
7665	1.0
7836	0.0
4996	1.0
6377	0.0
6172	1.0
9268	1.0
9846	1.0
4815	1.0
650	1.0
8520	0.0
8434	1.0
4898	1.0
9280	1.0
892	0.0
5077	0.0
7416	0.0
7880	1.0
6324	0.0
4260	1.0
3668	0.0
2581	1.0
3678	0.0
4843	1.0
884	1.0
8057	1.0
4235	0.0
7470	1.0
5039	1.0
2383	1.0
2845	1.0
7218	1.0
872	1.0
1280	0.0
4864	1.0
5500	1.0
6722	1.0
6386	0.0
1215	1.0
3568	1.0
6713	1.0
2445	1.0
2	1.0
7425	1.0
4135	1.0
5757	1.0
7202	1.0
1080	0.0
5197	0.0
4635	1.0
9989	1.0
3981	1.0
4964	1.0
2631	0.0
9944	1.0
2506	1.0
3914	1.0
8466	1.0
318	1.0
1670	0.0
1126	1.0
2005	1.0
6894	0.0
3943	1.0
6070	1.0
1264	1.0
7056	0.0
5009	0.0
1520	0.0
1788	1.0
2710	0.0
2704	1.0
8069	0.0
6676	1.0
4707	1.0
4489	1.0
9543	1.0
2924	1.0
3102	1.0
784	0.0
7704	1.0
5275	1.0
4008	1.0
7045	1.0
9386	1.0
9424	1.0
3417	0.0
3548	1.0
7068	1.0
5117	0.0
1021	1.0
939	0.0
9183	1.0
8661	1.0
3766	1.0
9775	1.0
7100	1.0
7676	0.0
2562	0.0
3244	0.0
760	1.0
32	1.0
1001	1.0
6033	0.0
4084	1.0
5743	1.0
1150	1.0
5998	0.0
161	0.0
7874	1.0
2544	0.0
854	1.0
5631	1.0
2914	0.0
8988	0.0
9652	0.0
6677	1.0
6925	1.0
7626	1.0
2111	0.0
2046	0.0
8726	0.0
2766	1.0
1384	0.0
2144	1.0
6918	1.0
3765	1.0
363	1.0
764	1.0
7444	0.0
9957	1.0
742	1.0
2042	1.0
3046	0.0
4479	0.0
2284	1.0
5570	1.0
9766	1.0
3988	0.0
6036	1.0
1296	1.0
8561	0.0
766	1.0
5449	0.0
1928	1.0
6394	1.0
273	1.0
9762	0.0
2503	0.0
3235	1.0
7967	0.0
4677	0.0
3157	1.0
9857	0.0
221	1.0
8099	1.0
5391	1.0
4068	0.0
2125	1.0
8366	0.0
6668	1.0
3823	0.0
2994	1.0
5076	1.0
3956	1.0
7640	0.0
8590	1.0
3232	1.0
292	1.0
98	1.0
1942	1.0
7270	1.0
8125	1.0
8134	1.0
2351	1.0
5718	1.0
2600	0.0
3725	1.0
7589	0.0
9594	0.0
2070	1.0
5521	0.0
4053	1.0
4723	1.0
8517	0.0
6116	0.0
4557	1.0
6569	0.0
3315	1.0
9552	1.0
4472	0.0
1033	0.0
7089	0.0
9352	0.0
6828	0.0
5468	0.0
8777	0.0
2585	0.0
1219	0.0
1297	0.0
2601	1.0
7450	0.0
9307	1.0
4703	0.0
4231	0.0
8807	1.0
2511	0.0
9514	0.0
9621	1.0
5147	1.0
7551	0.0
4943	1.0
4626	0.0
3199	1.0
7445	1.0
618	1.0
4559	0.0
6162	0.0
4171	1.0
5744	1.0
6889	1.0
3470	1.0
1318	1.0
7998	1.0
3245	0.0
3916	0.0
6426	1.0
6617	1.0
6574	1.0
336	1.0
1759	1.0
2571	0.0
7321	1.0
8965	1.0
3741	1.0
9549	1.0
4134	1.0
9738	1.0
8593	1.0
6270	0.0
8951	1.0
6577	0.0
2269	1.0
8288	1.0
6815	1.0
3179	0.0
6268	1.0
5629	0.0
1964	1.0
9275	0.0
4813	0.0
1842	1.0
9461	1.0
9335	1.0
5355	1.0
5528	1.0
6298	1.0
87	1.0
3595	1.0
2877	1.0
7612	0.0
523	0.0
9912	1.0
6754	1.0
751	1.0
4935	1.0
5015	1.0
4613	1.0
9464	0.0
2843	1.0
2949	1.0
9624	1.0
3218	0.0
3281	1.0
2122	1.0
7050	1.0
4473	1.0
130	1.0
4593	1.0
169	1.0
9731	1.0
7721	1.0
6632	0.0
3296	1.0
6185	1.0
1357	0.0
5772	0.0
7909	0.0
484	0.0
2064	0.0
18	1.0
5325	1.0
2206	0.0
1055	0.0
8573	1.0
6134	1.0
3210	1.0
8015	1.0
6315	0.0
3257	0.0
6139	0.0
9697	0.0
8163	0.0
460	0.0
9039	1.0
9737	0.0
4513	1.0
6578	0.0
3858	0.0
185	1.0
4673	0.0
1378	1.0
3657	0.0
1642	1.0
9707	0.0
7815	1.0
9240	0.0
1824	1.0
3708	0.0
495	1.0
4089	1.0
7237	1.0
9946	0.0
2563	0.0
802	0.0
4792	1.0
7240	1.0
7481	0.0
6261	1.0
79	0.0
6920	1.0
7292	1.0
9593	1.0
8020	0.0
9170	0.0
2273	1.0
8943	1.0
6289	1.0
6207	0.0
772	1.0
8597	0.0
3749	0.0
718	1.0
8424	0.0
9418	1.0
7182	1.0
7435	1.0
1538	1.0
6543	1.0
2154	0.0
3468	1.0
8505	0.0
7458	1.0
2224	1.0
70	0.0
1492	0.0
3272	1.0
3995	1.0
4081	0.0
3319	1.0
1580	1.0
4645	0.0
7946	0.0
7459	1.0
516	1.0
7196	1.0
8820	0.0
3691	0.0
7338	0.0
6544	0.0
820	1.0
4994	1.0
5237	0.0
9866	0.0
3912	0.0
62	0.0
1830	0.0
5889	1.0
9934	1.0
2537	0.0
5688	1.0
9733	0.0
6757	1.0
1618	0.0
4895	1.0
4599	1.0
2938	1.0
3078	1.0
4597	0.0
7465	0.0
1619	1.0
9444	0.0
6421	1.0
7747	1.0
5181	0.0
4514	0.0
389	1.0
6502	1.0
2486	1.0
4032	1.0
5286	1.0
954	1.0
4293	1.0
9456	1.0
6378	0.0
8066	1.0
253	1.0
1482	1.0
8215	0.0
8121	1.0
8893	1.0
4345	1.0
8746	1.0
5287	0.0
4483	0.0
3672	1.0
9162	1.0
9231	1.0
117	0.0
2375	1.0
8594	0.0
2250	1.0
8638	1.0
8740	0.0
5585	1.0
797	1.0
5025	0.0
7618	1.0
4826	1.0
9146	0.0
9496	0.0
7540	1.0
3874	1.0
9948	1.0
6908	1.0
7249	0.0
3992	1.0
1406	1.0
9401	0.0
9432	1.0
8488	1.0
9471	0.0
8334	1.0
1140	1.0
3530	0.0
4475	1.0
4090	1.0
1291	1.0
2730	0.0
3014	0.0
4933	1.0
1692	1.0
1167	1.0
3628	0.0
6736	1.0
7995	1.0
279	1.0
5524	1.0
1598	1.0
4449	1.0
1048	1.0
4583	1.0
9340	1.0
5903	1.0
5045	1.0
8166	0.0
8894	1.0
4581	1.0
8858	1.0
1537	1.0
9237	0.0
3727	1.0
53	1.0
5581	0.0
5258	0.0
3190	1.0
1428	1.0
8159	1.0
3586	0.0
4324	1.0
5780	1.0
3320	0.0
1685	0.0
5884	1.0
8002	1.0
479	0.0
9769	1.0
9407	0.0
72	1.0
9617	1.0
5215	1.0
1242	0.0
1641	1.0
5326	0.0
5810	1.0
677	1.0
8177	1.0
8539	1.0
6760	1.0
5339	0.0
3130	1.0
8939	0.0
5659	0.0
6696	0.0
410	0.0
5249	1.0
5723	1.0
1516	1.0
9174	1.0
3459	1.0
2049	1.0
5072	1.0
5222	1.0
3961	0.0
1063	1.0
179	0.0
9443	1.0
3198	1.0
7982	0.0
8815	1.0
9377	1.0
2943	0.0
1532	1.0
6357	1.0
4432	0.0
8773	1.0
7822	1.0
9618	1.0
9785	1.0
5812	0.0
3963	0.0
6035	1.0
8859	0.0
3206	0.0
4038	1.0
4269	1.0
2242	1.0
2680	0.0
8291	1.0
9419	1.0
6166	0.0
6062	1.0
3937	0.0
9460	1.0
1950	1.0
8620	0.0
3829	1.0
1217	0.0
9986	1.0
5164	1.0
4748	1.0
9975	1.0
1777	1.0
2974	0.0
3087	0.0
4916	1.0
9390	1.0
4185	0.0
5556	1.0
8814	0.0
8629	1.0
5697	1.0
6875	1.0
6135	0.0
8155	1.0
740	0.0
381	1.0
8468	1.0
8301	1.0
6965	1.0
320	1.0
8397	1.0
43	0.0
7276	1.0
7289	0.0
7447	1.0
8899	1.0
4906	1.0
2879	1.0
9202	1.0
752	1.0
6821	1.0
973	0.0
5427	1.0
9523	1.0
8469	1.0
5748	0.0
9411	1.0
1748	1.0
531	1.0
836	1.0
840	0.0
4984	0.0
9692	0.0
7304	1.0
5385	0.0
3846	1.0
6486	0.0
6211	1.0
7069	1.0
8062	0.0
2673	0.0
387	1.0
2322	1.0
4582	0.0
2217	1.0
3838	1.0
2646	1.0
6240	0.0
1859	1.0
9838	1.0
7396	0.0
3733	0.0
6313	1.0
1645	1.0
7307	1.0
5044	1.0
7877	1.0
9213	1.0
2639	1.0
4341	0.0
5259	1.0
7789	1.0
1633	1.0
2627	0.0
8799	1.0
7326	0.0
4460	1.0
5304	0.0
7121	0.0
6763	1.0
1818	1.0
6915	1.0
6690	1.0
2933	0.0
5098	1.0
8689	1.0
4575	1.0
9303	1.0
8402	0.0
6572	0.0
5451	1.0
7533	1.0
4263	1.0
108	1.0
5101	1.0
2894	1.0
6730	1.0
7061	1.0
3044	1.0
9055	1.0
7780	0.0
4485	1.0
8074	1.0
3334	1.0
2918	1.0
2580	0.0
325	1.0
1235	1.0
8195	1.0
2349	1.0
7724	1.0
9147	1.0
8546	1.0
8266	1.0
2740	0.0
1209	1.0
1122	0.0
9031	1.0
8298	1.0
8892	1.0
4193	1.0
9897	0.0
7549	1.0
2159	0.0
4783	1.0
616	0.0
5605	0.0
8025	0.0
2289	1.0
6053	1.0
9339	1.0
641	1.0
9306	1.0
5136	1.0
5765	0.0
3211	1.0
9132	0.0
8905	0.0
4977	1.0
7362	0.0
2063	1.0
8370	1.0
4615	1.0
9909	1.0
2564	1.0
8626	1.0
1631	1.0
6247	1.0
6065	0.0
9121	1.0
7376	1.0
3095	0.0
4747	1.0
148	1.0
4967	1.0
6958	0.0
5422	0.0
3559	1.0
3717	1.0
8146	1.0
4561	1.0
2241	0.0
5133	1.0
5338	1.0
4872	1.0
2922	1.0
1576	1.0
7683	1.0
9112	1.0
6281	0.0
709	0.0
2359	0.0
3404	0.0
5978	1.0
6830	1.0
5975	0.0
5981	0.0
4705	1.0
1222	1.0
1226	0.0
8621	1.0
6566	1.0
3683	1.0
7219	1.0
1892	0.0
9620	0.0
7657	1.0
5918	1.0
2577	0.0
6237	1.0
4329	1.0
3945	1.0
902	0.0
1498	1.0
8872	1.0
5547	1.0
8233	1.0
8961	0.0
1749	0.0
9812	0.0
2160	1.0
7171	1.0
9647	1.0
5506	1.0
8060	0.0
855	1.0
7593	1.0
606	0.0
5908	0.0
5924	1.0
112	1.0
7759	1.0
1084	1.0
1349	1.0
687	0.0
8730	1.0
7716	1.0
5335	0.0
5773	0.0
867	0.0
4653	0.0
9388	1.0
4691	1.0
5529	1.0
4905	1.0
5865	1.0
5767	1.0
1531	1.0
5600	0.0
2822	1.0
2338	0.0
6371	1.0
2896	1.0
893	1.0
2545	1.0
7754	1.0
8934	0.0
5843	0.0
2045	1.0
715	1.0
1796	1.0
3830	1.0
9311	1.0
8068	1.0
2259	1.0
5166	0.0
5803	1.0
5311	1.0
8429	1.0
517	1.0
9873	1.0
3405	0.0
8886	1.0
8172	1.0
3752	1.0
6678	1.0
190	0.0
7517	0.0
3178	1.0
1938	1.0
6006	0.0
625	0.0
2100	1.0
4104	1.0
6858	0.0
6639	1.0
2034	1.0
7008	1.0
20	0.0
7434	1.0
8808	1.0
3370	1.0
2597	0.0
6183	0.0
8137	1.0
2248	1.0
5137	0.0
3515	1.0
9899	0.0
501	0.0
8011	1.0
9099	0.0
3310	0.0
157	1.0
913	1.0
6640	0.0
277	0.0
99	1.0
7944	1.0
6944	1.0
4003	0.0
7979	0.0
1100	1.0
7761	1.0
5362	1.0
2846	0.0
6432	1.0
6623	1.0
734	1.0
4188	0.0
9959	0.0
4710	1.0
1854	0.0
473	1.0
5549	1.0
3035	1.0
9863	1.0
4944	0.0
5444	0.0
6042	1.0
5187	0.0
7731	1.0
1249	1.0
1410	1.0
251	0.0
4168	1.0
8239	0.0
7507	1.0
1733	1.0
7849	1.0
9829	1.0
667	1.0
4550	1.0
160	1.0
3534	0.0
9820	0.0
1184	1.0
3141	1.0
1078	0.0
1344	1.0
8182	1.0
2315	1.0
15	1.0
2752	1.0
9878	0.0
1902	1.0
3194	1.0
1664	1.0
8983	0.0
7358	0.0
1375	1.0
1524	1.0
9604	0.0
554	0.0
4203	1.0
441	1.0
7005	1.0
9227	0.0
2641	0.0
9855	1.0
3718	1.0
2967	0.0
4556	1.0
1061	0.0
6326	1.0
6499	1.0
1144	1.0
1951	1.0
773	1.0
3143	1.0
8433	0.0
575	0.0
6764	1.0
8373	1.0
4917	0.0
3673	1.0
8729	1.0
2595	0.0
3054	1.0
5550	1.0
5572	1.0
9715	0.0
3570	1.0
8023	1.0
4359	1.0
149	1.0
5219	1.0
2985	0.0
8086	1.0
930	0.0
5359	1.0
243	0.0
